set,number,name,rarity,hp,is_ex,popularity,tcgplayer_price,ebay_price,source_disagreement_pct,price,predicted_price,residual_log,verdict,pull_cost,pull_score
Journey Together,190,Spiky Energy,Hyper Rare,0,0,3.0,4.19,,,4.19,12.39,-1.084,UNDERVALUED,,
Black Bolt,18,Simipour,Uncommon,0,0,3.0,0.05,,,0.05,0.14,-1.043,UNDERVALUED,,
Black Bolt,140,Klang,Illustration Rare,0,0,3.0,7.05,,,7.05,19.62,-1.024,UNDERVALUED,,
Prismatic Evolutions,49,Groudon,Rare,130,0,5.5,0.1,,,0.1,0.26,-0.953,UNDERVALUED,,
Black Bolt,130,Crustle,Illustration Rare,0,0,3.0,7.82,,,7.82,19.62,-0.92,UNDERVALUED,,
Prismatic Evolutions,52,Hippopotas,Common,90,0,3.0,0.07,,,0.07,0.17,-0.887,UNDERVALUED,,
Prismatic Evolutions,3,Pinsir,Common,120,0,3.0,0.07,,,0.07,0.17,-0.884,UNDERVALUED,,
Black Bolt,93,Maractus,Illustration Rare,0,0,3.0,8.22,,,8.22,19.62,-0.87,UNDERVALUED,,
Black Bolt,124,Drilbur,Illustration Rare,0,0,3.0,8.23,,,8.23,19.62,-0.869,UNDERVALUED,,
Black Bolt,43,Golurk,Uncommon,0,0,3.0,0.06,,,0.06,0.14,-0.861,UNDERVALUED,,
Prismatic Evolutions,151,Palafin ex,Special Illustration Rare,340,1,5.5,45.87,42.0,8.8,43.935,101.12,-0.834,UNDERVALUED,7200.0,10.0
Black Bolt,133,Whirlipede,Illustration Rare,0,0,3.0,8.67,,,8.67,19.62,-0.817,UNDERVALUED,,
Black Bolt,121,Beheeyem,Illustration Rare,0,0,3.0,8.72,,,8.72,19.62,-0.811,UNDERVALUED,,
Black Bolt,71,Pidove,Common,0,0,3.0,0.05,,,0.05,0.11,-0.777,UNDERVALUED,,
Black Bolt,77,Rufflet,Common,0,0,3.0,0.05,,,0.05,0.11,-0.777,UNDERVALUED,,
Prismatic Evolutions,145,Teal Mask Ogerpon ex,Special Illustration Rare,210,1,6.0,22.51,20.0,11.8,21.255000000000003,46.13,-0.775,UNDERVALUED,7200.0,10.0
Prismatic Evolutions,66,Bronzor,Common,70,0,3.0,0.08,,,0.08,0.17,-0.755,UNDERVALUED,,
Prismatic Evolutions,92,Terapagos ex,Double Rare,230,1,6.0,0.73,,,0.73,1.55,-0.754,UNDERVALUED,245.0,1.0
Black Bolt,139,Klink,Illustration Rare,0,0,3.0,9.26,,,9.26,19.62,-0.751,UNDERVALUED,,
Destined Rivals,161,Arven's Sandwich,Uncommon,0,0,3.0,0.15,,,0.15,0.31,-0.716,UNDERVALUED,,
Black Bolt,111,Cryogonal,Illustration Rare,0,0,3.0,9.69,,,9.69,19.62,-0.705,UNDERVALUED,,
Black Bolt,132,Venipede,Illustration Rare,0,0,3.0,9.96,,,9.96,19.62,-0.678,UNDERVALUED,,
Prismatic Evolutions,164,Gholdengo ex,Special Illustration Rare,260,1,6.5,52.34,40.14,26.4,46.24,89.13,-0.656,UNDERVALUED,7200.0,10.0
Black Bolt,110,Beartic,Illustration Rare,0,0,3.0,10.23,,,10.23,19.62,-0.651,UNDERVALUED,,
Journey Together,168,Furret,Illustration Rare,120,0,5.5,9.11,,,9.11,17.45,-0.65,UNDERVALUED,,
Prismatic Evolutions,148,Hearthflame Mask Ogerpon ex,Special Illustration Rare,210,1,5.5,19.61,18.5,5.8,19.055,35.65,-0.626,UNDERVALUED,7200.0,10.0
Prismatic Evolutions,55,Great Tusk,Uncommon,140,0,4.5,0.11,,,0.11,0.2,-0.616,UNDERVALUED,,
Black Bolt,128,Throh,Illustration Rare,0,0,3.0,10.73,,,10.73,19.62,-0.604,UNDERVALUED,,
Journey Together,119,Furret,Common,120,0,5.5,0.27,,,0.27,0.49,-0.602,UNDERVALUED,,
Prismatic Evolutions,93,Amarys,Common,0,0,4.5,0.11,,,0.11,0.2,-0.595,UNDERVALUED,,
Black Bolt,4,Pansage,Common,0,0,3.0,0.06,,,0.06,0.11,-0.595,UNDERVALUED,,
Prismatic Evolutions,56,Sandy Shocks ex,Double Rare,220,1,5.0,0.6,,,0.6,1.09,-0.594,UNDERVALUED,245.0,1.0
Black Bolt,41,Beheeyem,Uncommon,0,0,3.0,0.08,,,0.08,0.14,-0.573,UNDERVALUED,,
Black Bolt,24,Alomomola,Uncommon,0,0,3.0,0.08,,,0.08,0.14,-0.573,UNDERVALUED,,
Black Bolt,78,Braviary,Uncommon,0,0,3.0,0.08,,,0.08,0.14,-0.573,UNDERVALUED,,
Prismatic Evolutions,28,Pikachu ex,Double Rare,190,1,9.0,2.46,2.99,19.4,2.725,4.81,-0.568,UNDERVALUED,245.0,1.0
Destined Rivals,165,Ethan's Adventure,Uncommon,0,0,5.0,0.24,,,0.24,0.41,-0.546,UNDERVALUED,,
Destined Rivals,6,Breloom,Common,120,0,3.0,0.13,,,0.13,0.22,-0.542,UNDERVALUED,,
Prismatic Evolutions,160,Cornerstone Mask Ogerpon ex,Special Illustration Rare,210,1,5.0,15.24,17.22,12.2,16.23,27.55,-0.529,UNDERVALUED,7200.0,10.0
Prismatic Evolutions,152,Wellspring Mask Ogerpon ex,Special Illustration Rare,210,1,5.0,16.8,15.97,5.1,16.385,27.55,-0.52,UNDERVALUED,7200.0,10.0
Destined Rivals,62,Arrokuda,Common,70,0,3.0,0.14,,,0.14,0.23,-0.516,UNDERVALUED,,
Journey Together,111,Hop's Zacian ex,Double Rare,230,1,6.0,0.57,,,0.57,0.95,-0.515,UNDERVALUED,,
Destined Rivals,123,Team Rocket's Grimer,Common,80,0,3.0,0.14,,,0.14,0.23,-0.506,UNDERVALUED,,
Destined Rivals,221,Ethan's Adventure,Ultra Rare,0,0,5.0,3.19,,,3.19,5.26,-0.501,UNDERVALUED,,
Prismatic Evolutions,114,Lacey,Uncommon,0,0,4.5,0.13,,,0.13,0.21,-0.489,UNDERVALUED,,
Destined Rivals,206,Yanmega ex,Ultra Rare,280,1,4.0,1.07,,,1.07,1.74,-0.486,UNDERVALUED,,
Black Bolt,117,Musharna,Illustration Rare,0,0,3.0,12.19,,,12.19,19.62,-0.476,UNDERVALUED,,
Destined Rivals,196,Electrike,Illustration Rare,60,0,3.0,3.54,,,3.54,5.65,-0.468,UNDERVALUED,,
Journey Together,53,Iono's Bellibolt ex,Double Rare,280,1,6.0,0.56,,,0.56,0.89,-0.467,UNDERVALUED,,
Black Bolt,126,Gurdurr,Illustration Rare,0,0,3.0,12.34,,,12.34,19.62,-0.464,UNDERVALUED,,
Prismatic Evolutions,70,Archaludon,Rare,180,0,3.0,0.1,,,0.1,0.16,-0.459,UNDERVALUED,,
Prismatic Evolutions,41,Sylveon ex,Double Rare,270,1,9.5,2.99,3.81,24.1,3.4000000000000004,5.37,-0.458,UNDERVALUED,245.0,1.0
Black Bolt,27,Cryogonal,Uncommon,0,0,3.0,0.09,,,0.09,0.14,-0.455,UNDERVALUED,,
Black Bolt,65,Bisharp,Uncommon,0,0,3.0,0.09,,,0.09,0.14,-0.455,UNDERVALUED,,
Prismatic Evolutions,169,Terapagos ex,Special Illustration Rare,230,1,6.0,34.54,34.53,0.0,34.535,54.16,-0.45,UNDERVALUED,7200.0,10.0
Black Bolt,98,Darmanitan,Illustration Rare,0,0,3.0,12.52,,,12.52,19.62,-0.449,UNDERVALUED,,
Prismatic Evolutions,165,Dragapult ex,Special Illustration Rare,320,1,7.0,117.88,120.34,2.1,119.11,186.61,-0.449,UNDERVALUED,7200.0,10.0
Journey Together,181,Ruffian,Ultra Rare,0,0,3.0,0.82,,,0.82,1.28,-0.448,UNDERVALUED,,
Prismatic Evolutions,174,Kieran,Special Illustration Rare,0,0,5.5,19.74,20.2,2.3,19.97,31.21,-0.447,UNDERVALUED,7200.0,10.0
Destined Rivals,186,Crustle,Illustration Rare,150,0,3.0,3.42,,,3.42,5.33,-0.444,UNDERVALUED,,
Prismatic Evolutions,97,Black Belt's Training,Common,0,0,3.0,0.11,,,0.11,0.17,-0.443,UNDERVALUED,,
Black Bolt,90,Simisage,Illustration Rare,0,0,3.0,12.6,,,12.6,19.62,-0.443,UNDERVALUED,,
Journey Together,166,Lycanroc,Illustration Rare,120,0,3.5,3.08,,,3.08,4.79,-0.441,UNDERVALUED,,
Black Bolt,62,Klang,Common,0,0,3.0,0.07,,,0.07,0.11,-0.44,UNDERVALUED,,
Black Bolt,37,Solosis,Common,0,0,3.0,0.07,,,0.07,0.11,-0.44,UNDERVALUED,,
Black Bolt,10,Foongus,Common,0,0,3.0,0.07,,,0.07,0.11,-0.44,UNDERVALUED,,
Black Bolt,64,Pawniard,Common,0,0,3.0,0.07,,,0.07,0.11,-0.44,UNDERVALUED,,
Journey Together,148,Hop's Choice Band,Uncommon,0,0,3.0,0.22,,,0.22,0.34,-0.439,UNDERVALUED,,
Black Bolt,63,Klinklang,Rare,0,0,3.0,0.11,,,0.11,0.17,-0.439,UNDERVALUED,,
Prismatic Evolutions,17,Hearthflame Mask Ogerpon ex,Double Rare,210,1,5.5,0.7,1.0,35.3,0.85,1.32,-0.437,UNDERVALUED,245.0,1.0
Prismatic Evolutions,15,Litleo,Common,70,0,3.0,0.11,,,0.11,0.17,-0.437,UNDERVALUED,,
Prismatic Evolutions,48,Pupitar,Common,90,0,3.0,0.11,,,0.11,0.17,-0.435,UNDERVALUED,,
Prismatic Evolutions,88,Furfrou,Common,100,0,3.0,0.11,,,0.11,0.17,-0.434,UNDERVALUED,,
Destined Rivals,198,Team Rocket's Orbeetle,Illustration Rare,130,0,3.0,3.55,,,3.55,5.4,-0.42,UNDERVALUED,,
Journey Together,171,Volcanion ex,Ultra Rare,220,1,5.5,0.96,,,0.96,1.45,-0.413,UNDERVALUED,,
Prismatic Evolutions,26,Glaceon ex,Double Rare,270,1,8.5,2.18,2.81,25.3,2.495,3.73,-0.402,UNDERVALUED,245.0,1.0
Journey Together,151,Lillie's Pearl,Uncommon,0,0,3.0,0.23,,,0.23,0.34,-0.394,UNDERVALUED,,
Destined Rivals,13,Fomantis,Common,60,0,3.0,0.16,,,0.16,0.24,-0.392,UNDERVALUED,,
Prismatic Evolutions,68,Heatran,Uncommon,130,0,3.0,0.13,,,0.13,0.19,-0.39,UNDERVALUED,,
Destined Rivals,218,Arven's Mabosstiff ex,Ultra Rare,270,1,5.0,1.68,,,1.68,2.48,-0.388,UNDERVALUED,,
Black Bolt,122,Golett,Illustration Rare,0,0,3.0,13.31,,,13.31,19.62,-0.388,UNDERVALUED,,
Destined Rivals,197,Rotom,Illustration Rare,60,0,3.0,3.85,,,3.85,5.65,-0.384,UNDERVALUED,,
Destined Rivals,139,Arven's Mabosstiff ex,Double Rare,270,1,5.0,0.44,,,0.44,0.65,-0.384,UNDERVALUED,,
Destined Rivals,99,Meditite,Common,70,0,3.0,0.16,,,0.16,0.23,-0.382,UNDERVALUED,,
Destined Rivals,109,Arven's Toedscool,Common,70,0,3.0,0.16,,,0.16,0.23,-0.382,UNDERVALUED,,
Prismatic Evolutions,51,Lucario ex,Double Rare,260,1,5.5,0.86,,,0.86,1.26,-0.38,UNDERVALUED,245.0,1.0
Prismatic Evolutions,43,Flutter Mane,Rare,90,0,3.0,0.16,,,0.16,0.23,-0.379,UNDERVALUED,,
Destined Rivals,181,TM Machine,Uncommon,0,0,3.0,0.21,,,0.21,0.31,-0.379,UNDERVALUED,,
Destined Rivals,215,Cynthia's Garchomp ex,Ultra Rare,330,1,8.0,4.38,,,4.38,6.37,-0.374,UNDERVALUED,,
Destined Rivals,205,Arven's Greedent,Illustration Rare,120,0,3.0,3.78,,,3.78,5.44,-0.364,UNDERVALUED,,
Journey Together,39,Pelipper,Uncommon,120,0,3.0,0.24,,,0.24,0.35,-0.363,UNDERVALUED,,
Journey Together,90,Klawf,Uncommon,120,0,3.0,0.24,,,0.24,0.35,-0.363,UNDERVALUED,,
Destined Rivals,105,Hippopotas,Common,90,0,3.0,0.16,,,0.16,0.23,-0.363,UNDERVALUED,,
Journey Together,8,Maractus,Uncommon,110,0,3.0,0.24,,,0.24,0.34,-0.362,UNDERVALUED,,
Prismatic Evolutions,126,Rescue Board,Uncommon,0,0,3.0,0.14,,,0.14,0.2,-0.353,UNDERVALUED,,
Prismatic Evolutions,120,Professor Sada's Vitality,Uncommon,0,0,3.0,0.14,,,0.14,0.2,-0.353,UNDERVALUED,,
Prismatic Evolutions,73,Dragapult ex,Double Rare,320,1,7.0,1.45,,,1.45,2.06,-0.352,UNDERVALUED,245.0,1.0
Black Bolt,5,Simisage,Uncommon,0,0,3.0,0.1,,,0.1,0.14,-0.35,fair,,
Black Bolt,52,Crustle,Uncommon,0,0,3.0,0.1,,,0.1,0.14,-0.35,fair,,
Black Bolt,14,Darmanitan,Uncommon,0,0,3.0,0.1,,,0.1,0.14,-0.35,fair,,
Destined Rivals,163,Emcee's Hype,Common,0,0,3.0,0.18,,,0.18,0.25,-0.333,fair,,
Journey Together,114,Salamence ex,Double Rare,320,1,6.5,0.65,,,0.65,0.91,-0.332,fair,,
Journey Together,135,Hop's Wooloo,Common,70,0,4.0,0.26,,,0.26,0.36,-0.332,fair,,
Journey Together,61,Beldum,Common,60,0,3.0,0.2,,,0.2,0.28,-0.328,fair,,
Destined Rivals,220,Emcee's Hype,Ultra Rare,0,0,3.0,1.92,,,1.92,2.66,-0.328,fair,,
Black Bolt,102,Simipour,Illustration Rare,0,0,3.0,14.17,,,14.17,19.62,-0.325,fair,,
Journey Together,160,Maractus,Illustration Rare,110,0,3.0,2.38,,,2.38,3.28,-0.322,fair,,
Destined Rivals,4,Pineco,Common,70,0,3.0,0.17,,,0.17,0.23,-0.322,fair,,
Journey Together,138,Hop's Cramorant,Uncommon,110,0,3.0,0.25,,,0.25,0.34,-0.322,fair,,
Journey Together,85,Lycanroc,Rare,120,0,3.5,0.39,,,0.39,0.53,-0.315,fair,,
Prismatic Evolutions,58,Cornerstone Mask Ogerpon ex,Double Rare,210,1,5.0,0.8,,,0.8,1.1,-0.315,fair,245.0,1.0
Destined Rivals,122,Team Rocket's Crobat ex,Double Rare,310,1,6.0,0.56,,,0.56,0.76,-0.307,fair,,
Black Bolt,61,Klink,Common,0,0,3.0,0.08,,,0.08,0.11,-0.307,fair,,
Black Bolt,74,Audino,Common,0,0,3.0,0.08,,,0.08,0.11,-0.307,fair,,
Black Bolt,9,Karrablast,Common,0,0,3.0,0.08,,,0.08,0.11,-0.307,fair,,
Destined Rivals,238,Team Rocket's Giovanni,Special Illustration Rare,0,0,5.5,30.16,,,30.16,40.9,-0.305,fair,,
Destined Rivals,148,Team Rocket's Raticate,Common,90,0,3.0,0.17,,,0.17,0.23,-0.302,fair,,
Destined Rivals,107,Mudbray,Common,90,0,3.0,0.17,,,0.17,0.23,-0.302,fair,,
Black Bolt,136,Krokorok,Illustration Rare,0,0,3.0,14.52,,,14.52,19.62,-0.301,fair,,
Journey Together,163,Iono's Kilowattrel,Illustration Rare,120,0,4.0,4.91,,,4.91,6.61,-0.298,fair,,
Prismatic Evolutions,131,Treasure Tracker,ACE SPEC Rare,0,0,3.0,0.37,,,0.37,0.5,-0.296,fair,,
Prismatic Evolutions,64,Tyranitar ex,Double Rare,340,1,5.0,0.73,,,0.73,0.98,-0.29,fair,245.0,1.0
Destined Rivals,162,Cynthia's Power Weight,Uncommon,0,0,3.0,0.23,,,0.23,0.31,-0.288,fair,,
Destined Rivals,166,Granite Cave,Uncommon,0,0,3.0,0.23,,,0.23,0.31,-0.288,fair,,
Prismatic Evolutions,130,Techno Radar,Uncommon,0,0,3.0,0.15,,,0.15,0.2,-0.284,fair,,
Journey Together,102,Escavalier,Uncommon,120,0,3.0,0.26,,,0.26,0.35,-0.283,fair,,
Journey Together,57,Alolan Marowak,Uncommon,120,0,3.0,0.26,,,0.26,0.35,-0.283,fair,,
Prismatic Evolutions,125,Professor's Research,Common,0,0,3.0,0.13,,,0.13,0.17,-0.276,fair,,
Black Bolt,107,Carracosta,Illustration Rare,0,0,3.0,14.91,,,14.91,19.62,-0.275,fair,,
Destined Rivals,174,Team Rocket's Giovanni,Uncommon,0,0,5.5,0.34,,,0.34,0.45,-0.273,fair,,
Prismatic Evolutions,65,Roaring Moon,Rare,140,0,6.0,0.2,,,0.2,0.26,-0.272,fair,,
Journey Together,185,N's Zoroark ex,Special Illustration Rare,280,1,7.0,49.17,,,49.17,64.49,-0.271,fair,,
Prismatic Evolutions,128,Scoop Up Cyclone,ACE SPEC Rare,0,0,3.0,0.38,,,0.38,0.5,-0.269,fair,,
Black Bolt,120,Elgyem,Illustration Rare,0,0,3.0,15.02,,,15.02,19.62,-0.267,fair,,
Destined Rivals,2,Yanma,Common,70,0,3.0,0.18,,,0.18,0.23,-0.265,fair,,
Prismatic Evolutions,170,Amarys,Special Illustration Rare,0,0,4.5,14.65,13.97,4.8,14.31,18.64,-0.265,fair,7200.0,10.0
Prismatic Evolutions,146,Flareon ex,Special Illustration Rare,270,1,8.5,227.7,188.9,18.6,208.3,270.73,-0.262,fair,7200.0,10.0
Journey Together,142,Billy & O'Nare,Common,0,0,3.0,0.25,,,0.25,0.32,-0.26,fair,,
Journey Together,10,Foongus,Common,50,0,3.0,0.22,,,0.22,0.28,-0.259,fair,,
Journey Together,116,N's Reshiram,Rare,130,0,5.0,0.57,,,0.57,0.74,-0.258,fair,,
Journey Together,31,Volcanion ex,Double Rare,220,1,5.5,0.7,,,0.7,0.9,-0.256,fair,,
Destined Rivals,204,Kangaskhan,Illustration Rare,120,0,4.5,11.32,,,11.32,14.63,-0.256,fair,,
Destined Rivals,183,Yanma,Illustration Rare,70,0,3.0,4.35,,,4.35,5.62,-0.256,fair,,
Journey Together,136,Hop's Dubwool,Rare,120,0,3.0,0.37,,,0.37,0.48,-0.255,fair,,
Black Bolt,60,Escavalier,Uncommon,0,0,3.0,0.11,,,0.11,0.14,-0.254,fair,,
Black Bolt,21,Seismitoad,Uncommon,0,0,3.0,0.11,,,0.11,0.14,-0.254,fair,,
Black Bolt,11,Amoonguss,Uncommon,0,0,3.0,0.11,,,0.11,0.14,-0.254,fair,,
Prismatic Evolutions,134,Atticus,Ultra Rare,0,0,3.0,0.52,,,0.52,0.67,-0.252,fair,1085.0,2.09
Journey Together,107,Magearna,Rare,90,0,3.0,0.39,,,0.39,0.5,-0.249,fair,,
Prismatic Evolutions,67,Bronzong,Uncommon,130,0,3.0,0.15,,,0.15,0.19,-0.247,fair,,
Destined Rivals,89,Team Rocket's Orbeetle,Uncommon,130,0,3.0,0.25,,,0.25,0.32,-0.245,fair,,
Journey Together,13,Accelgor,Uncommon,100,0,3.0,0.27,,,0.27,0.34,-0.244,fair,,
Journey Together,49,N's Joltik,Common,40,0,3.0,0.23,,,0.23,0.29,-0.24,fair,,
Destined Rivals,188,Hydrapple,Illustration Rare,170,0,3.0,4.14,,,4.14,5.26,-0.24,fair,,
Prismatic Evolutions,163,Pecharunt ex,Special Illustration Rare,190,1,6.0,30.25,31.72,4.7,30.985,39.29,-0.238,fair,7200.0,10.0
Destined Rivals,36,Ethan's Magcargo,Rare,130,0,3.0,0.27,,,0.27,0.34,-0.237,fair,,
Prismatic Evolutions,31,Iron Hands ex,Double Rare,230,1,5.0,0.71,0.99,32.9,0.85,1.08,-0.236,fair,245.0,1.0
Journey Together,177,Salamence ex,Ultra Rare,320,1,6.5,2.1,,,2.1,2.66,-0.236,fair,,
Destined Rivals,192,Blaziken,Illustration Rare,170,0,4.5,11.2,,,11.2,14.16,-0.234,fair,,
Journey Together,149,Iris's Fighting Spirit,Uncommon,0,0,3.0,0.27,,,0.27,0.34,-0.234,fair,,
Prismatic Evolutions,143,Tyme,Ultra Rare,0,0,3.0,0.53,,,0.53,0.67,-0.233,fair,1085.0,2.09
Journey Together,131,Skwovet,Common,60,0,3.0,0.22,,,0.22,0.28,-0.233,fair,,
Journey Together,50,Togedemaru,Common,80,0,3.0,0.21,,,0.21,0.26,-0.227,fair,,
Destined Rivals,141,Skarmory,Common,110,0,3.0,0.18,,,0.18,0.23,-0.226,fair,,
Journey Together,66,Lillie's Cutiefly,Common,30,0,3.0,0.24,,,0.24,0.3,-0.223,fair,,
Prismatic Evolutions,103,Carmine,Uncommon,0,0,4.5,0.17,,,0.17,0.21,-0.221,fair,,
Destined Rivals,54,Clamperl,Common,60,0,3.0,0.19,,,0.19,0.24,-0.22,fair,,
Destined Rivals,5,Shroomish,Common,60,0,3.0,0.19,,,0.19,0.24,-0.22,fair,,
Destined Rivals,77,Rotom,Common,60,0,3.0,0.19,,,0.19,0.24,-0.22,fair,,
Destined Rivals,83,Steven's Baltoy,Common,60,0,3.0,0.19,,,0.19,0.24,-0.22,fair,,
Destined Rivals,142,Steven's Skarmory,Common,120,0,3.0,0.18,,,0.18,0.22,-0.216,fair,,
Destined Rivals,171,Team Rocket's Ariana,Uncommon,0,0,4.5,0.31,,,0.31,0.38,-0.215,fair,,
Destined Rivals,149,Team Rocket's Meowth,Common,70,0,5.5,0.21,,,0.21,0.26,-0.215,fair,,
Journey Together,164,Lillie's Ribombee,Illustration Rare,70,0,4.5,5.65,,,5.65,7.0,-0.215,fair,,
Journey Together,29,Volcarona,Uncommon,140,0,3.0,0.28,,,0.28,0.35,-0.211,fair,,
Destined Rivals,37,Team Rocket's Houndour,Common,70,0,3.0,0.19,,,0.19,0.23,-0.211,fair,,
Destined Rivals,94,Team Rocket's Larvitar,Common,70,0,3.0,0.19,,,0.19,0.23,-0.211,fair,,
Destined Rivals,9,Mow Rotom,Common,70,0,3.0,0.19,,,0.19,0.23,-0.211,fair,,
Journey Together,47,Iono's Voltorb,Common,70,0,3.0,0.22,,,0.22,0.27,-0.207,fair,,
Journey Together,12,Shelmet,Common,70,0,3.0,0.22,,,0.22,0.27,-0.207,fair,,
Journey Together,23,Combusken,Uncommon,90,0,3.0,0.28,,,0.28,0.34,-0.206,fair,,
Prismatic Evolutions,99,Black Belt's Training,Common,0,0,3.0,0.14,,,0.14,0.17,-0.202,fair,,
Prismatic Evolutions,111,Haban Berry,Common,0,0,3.0,0.14,,,0.14,0.17,-0.202,fair,,
Journey Together,72,Morgrem,Common,90,0,3.0,0.21,,,0.21,0.26,-0.202,fair,,
Destined Rivals,97,Nosepass,Common,80,0,3.0,0.19,,,0.19,0.23,-0.201,fair,,
Destined Rivals,35,Ethan's Slugma,Common,80,0,3.0,0.19,,,0.19,0.23,-0.201,fair,,
Destined Rivals,55,Huntail,Uncommon,110,0,3.0,0.26,,,0.26,0.32,-0.2,fair,,
Destined Rivals,209,Ethan's Ho-Oh ex,Ultra Rare,230,1,7.5,5.01,,,5.01,6.11,-0.198,fair,,
Prismatic Evolutions,91,Noivern ex,Double Rare,270,1,4.5,0.71,,,0.71,0.87,-0.198,fair,245.0,1.0
Black Bolt,33,Thundurus,Rare,0,0,3.0,0.14,,,0.14,0.17,-0.197,fair,,
Prismatic Evolutions,38,Spritzee,Common,60,0,3.0,0.14,,,0.14,0.17,-0.196,fair,,
Journey Together,79,Mamoswine ex,Double Rare,340,1,4.0,0.52,,,0.52,0.63,-0.196,fair,,
Destined Rivals,217,Team Rocket's Crobat ex,Ultra Rare,310,1,6.0,2.72,,,2.72,3.31,-0.195,fair,,
Black Bolt,103,Tympole,Illustration Rare,0,0,3.0,16.17,,,16.17,19.62,-0.193,fair,,
Destined Rivals,38,Team Rocket's Houndoom,Uncommon,130,0,4.5,0.33,,,0.33,0.4,-0.193,fair,,
Destined Rivals,224,Team Rocket's Ariana,Ultra Rare,0,0,4.5,3.67,,,3.67,4.44,-0.19,fair,,
Prismatic Evolutions,69,Duraludon,Common,130,0,3.0,0.14,,,0.14,0.17,-0.19,fair,,
Black Bolt,17,Panpour,Common,0,0,3.0,0.09,,,0.09,0.11,-0.189,fair,,
Black Bolt,8,Maractus,Common,0,0,3.0,0.09,,,0.09,0.11,-0.189,fair,,
Black Bolt,48,Gurdurr,Common,0,0,3.0,0.09,,,0.09,0.11,-0.189,fair,,
Black Bolt,15,Larvesta,Common,0,0,3.0,0.09,,,0.09,0.11,-0.189,fair,,
Black Bolt,72,Tranquill,Common,0,0,3.0,0.09,,,0.09,0.11,-0.189,fair,,
Journey Together,21,Magmortar,Rare,130,0,3.0,0.39,,,0.39,0.47,-0.188,fair,,
Destined Rivals,39,Ethan's Ho-Oh ex,Double Rare,230,1,7.5,0.66,,,0.66,0.8,-0.187,fair,,
Journey Together,77,Swinub,Common,70,0,3.5,0.26,,,0.26,0.31,-0.186,fair,,
Destined Rivals,159,Arven's Greedent,Rare,120,0,3.0,0.28,,,0.28,0.34,-0.185,fair,,
Destined Rivals,235,Arven's Mabosstiff ex,Special Illustration Rare,270,1,5.0,33.03,,,33.03,39.71,-0.184,fair,,
Black Bolt,119,Duosion,Illustration Rare,0,0,3.0,16.33,,,16.33,19.62,-0.184,fair,,
Destined Rivals,64,Cetoddle,Common,100,0,3.0,0.19,,,0.19,0.23,-0.182,fair,,
Journey Together,65,Oricorio,Common,80,0,3.0,0.22,,,0.22,0.26,-0.181,fair,,
Journey Together,55,Iono's Kilowattrel,Rare,120,0,4.0,0.5,,,0.5,0.6,-0.179,fair,,
Prismatic Evolutions,23,Vaporeon ex,Double Rare,280,1,8.5,3.15,3.03,3.9,3.09,3.7,-0.179,fair,245.0,1.0
Black Bolt,99,Larvesta,Illustration Rare,0,0,3.0,16.41,,,16.41,19.62,-0.179,fair,,
Destined Rivals,106,Hippowdon,Uncommon,160,0,3.0,0.27,,,0.27,0.32,-0.177,fair,,
Journey Together,99,Pangoro,Uncommon,140,0,3.0,0.29,,,0.29,0.35,-0.176,fair,,
Destined Rivals,234,Team Rocket's Crobat ex,Special Illustration Rare,310,1,6.0,67.09,,,67.09,79.99,-0.176,fair,,
Black Bolt,101,Panpour,Illustration Rare,0,0,3.0,16.49,,,16.49,19.62,-0.174,fair,,
Journey Together,41,Wailord,Rare,240,0,4.0,0.42,,,0.42,0.5,-0.17,fair,,
Destined Rivals,72,Team Rocket's Mareep,Common,60,0,3.0,0.2,,,0.2,0.24,-0.169,fair,,
Destined Rivals,75,Electrike,Common,60,0,3.0,0.2,,,0.2,0.24,-0.169,fair,,
Prismatic Evolutions,129,Sparkling Crystal,ACE SPEC Rare,0,0,3.0,0.42,,,0.42,0.5,-0.169,fair,,
Black Bolt,123,Golurk,Illustration Rare,0,0,3.0,16.58,,,16.58,19.62,-0.168,fair,,
Journey Together,128,Noivern,Rare,110,0,3.0,0.41,,,0.41,0.49,-0.168,fair,,
Prismatic Evolutions,155,Espeon ex,Special Illustration Rare,270,1,9.0,309.88,282.5,9.2,296.19,350.31,-0.168,fair,7200.0,10.0
Destined Rivals,167,Judge,Uncommon,0,0,3.0,0.26,,,0.26,0.31,-0.166,fair,,
Destined Rivals,146,Zamazenta,Rare,130,0,3.0,0.29,,,0.29,0.34,-0.165,fair,,
Prismatic Evolutions,8,Whimsicott,Rare,100,0,3.0,0.19,,,0.19,0.22,-0.164,fair,,
Journey Together,68,Lillie's Comfey,Common,70,0,3.0,0.23,,,0.23,0.27,-0.162,fair,,
Journey Together,125,Minccino,Common,70,0,3.0,0.23,,,0.23,0.27,-0.162,fair,,
Destined Rivals,26,Teal Mask Ogerpon,Uncommon,110,0,3.0,0.27,,,0.27,0.32,-0.162,fair,,
Destined Rivals,44,Hearthflame Mask Ogerpon,Uncommon,110,0,3.0,0.27,,,0.27,0.32,-0.162,fair,,
Destined Rivals,30,Rapidash,Uncommon,110,0,3.0,0.27,,,0.27,0.32,-0.162,fair,,
Prismatic Evolutions,141,Ortega,Ultra Rare,0,0,3.0,0.57,,,0.57,0.67,-0.16,fair,1085.0,2.09
Journey Together,43,Veluza ex,Double Rare,210,1,3.0,0.56,,,0.56,0.66,-0.16,fair,,
Destined Rivals,160,Squawkabilly,Common,70,0,3.0,0.2,,,0.2,0.23,-0.159,fair,,
Prismatic Evolutions,118,Ogre's Mask,Uncommon,0,0,3.0,0.17,,,0.17,0.2,-0.158,fair,,
Prismatic Evolutions,110,Glass Trumpet,Uncommon,0,0,3.0,0.17,,,0.17,0.2,-0.158,fair,,
Journey Together,182,Volcanion ex,Special Illustration Rare,220,1,5.5,19.61,,,19.61,22.93,-0.156,fair,,
Prismatic Evolutions,159,Sandy Shocks ex,Special Illustration Rare,220,1,5.0,26.72,24.41,9.0,25.564999999999998,29.85,-0.155,fair,7200.0,10.0
Journey Together,11,Amoonguss ex,Double Rare,260,1,3.0,0.53,,,0.53,0.62,-0.149,fair,,
Black Bolt,97,Darumaka,Illustration Rare,0,0,3.0,16.9,,,16.9,19.62,-0.149,fair,,
Journey Together,9,Karrablast,Common,60,0,3.0,0.24,,,0.24,0.28,-0.146,fair,,
Prismatic Evolutions,138,Giacomo,Ultra Rare,0,0,3.0,0.58,,,0.58,0.67,-0.143,fair,1085.0,2.09
Journey Together,172,Iono's Bellibolt ex,Ultra Rare,280,1,6.0,1.72,,,1.72,1.98,-0.142,fair,,
Destined Rivals,68,Electabuzz,Common,90,0,3.0,0.2,,,0.2,0.23,-0.14,fair,,
Destined Rivals,16,Applin,Common,40,0,3.0,0.21,,,0.21,0.24,-0.14,fair,,
Prismatic Evolutions,87,Shaymin,Uncommon,70,0,3.0,0.17,,,0.17,0.2,-0.138,fair,,
Journey Together,82,Regirock,Rare,130,0,3.0,0.41,,,0.41,0.47,-0.137,fair,,
Journey Together,28,Larvesta,Common,80,0,3.0,0.23,,,0.23,0.26,-0.136,fair,,
Prismatic Evolutions,89,Hawlucha,Uncommon,80,0,3.0,0.17,,,0.17,0.19,-0.136,fair,,
Prismatic Evolutions,98,Black Belt's Training,Common,0,0,3.0,0.15,,,0.15,0.17,-0.133,fair,,
Prismatic Evolutions,172,Drayton,Special Illustration Rare,0,0,4.5,15.69,16.99,8.0,16.34,18.64,-0.132,fair,7200.0,10.0
Destined Rivals,42,Blaziken,Rare,170,0,4.5,0.35,,,0.35,0.4,-0.132,fair,,
Destined Rivals,20,Team Rocket's Spidops,Rare,130,0,3.0,0.3,,,0.3,0.34,-0.131,fair,,
Prismatic Evolutions,177,Teal Mask Ogerpon ex,Hyper Rare,210,1,6.0,8.86,10.25,14.5,9.555,10.89,-0.131,fair,625.0,1.49
Journey Together,1,Caterpie,Common,50,0,3.0,0.25,,,0.25,0.28,-0.131,fair,,
Journey Together,152,N's Castle,Uncommon,0,0,3.0,0.3,,,0.3,0.34,-0.129,fair,,
Journey Together,147,Hop's Bag,Uncommon,0,0,3.0,0.3,,,0.3,0.34,-0.129,fair,,
Destined Rivals,92,Annihilape,Rare,150,0,3.0,0.31,,,0.31,0.35,-0.129,fair,,
Black Bolt,26,Beartic,Rare,0,0,3.0,0.15,,,0.15,0.17,-0.128,fair,,
Destined Rivals,119,Team Rocket's Nidoking ex,Double Rare,330,1,6.0,0.69,,,0.69,0.78,-0.127,fair,,
Black Bolt,46,Excadrill ex,Double Rare,0,1,3.0,0.56,,,0.56,0.63,-0.126,fair,,
Black Bolt,3,Serperior ex,Double Rare,0,1,3.0,0.56,,,0.56,0.63,-0.126,fair,,
Prismatic Evolutions,39,Aromatisse,Common,120,0,3.0,0.15,,,0.15,0.17,-0.122,fair,,
Destined Rivals,158,Arven's Skwovet,Common,60,0,3.0,0.21,,,0.21,0.24,-0.12,fair,,
Journey Together,141,Squawkabilly,Common,70,0,3.0,0.24,,,0.24,0.27,-0.12,fair,,
Prismatic Evolutions,54,Bloodmoon Ursaluna,Rare,150,0,3.0,0.16,,,0.16,0.18,-0.119,fair,,
Destined Rivals,225,Team Rocket's Giovanni,Ultra Rare,0,0,5.5,5.55,,,5.55,6.24,-0.117,fair,,
Destined Rivals,210,Cetitan ex,Ultra Rare,300,1,3.0,1.08,,,1.08,1.21,-0.111,fair,,
Destined Rivals,3,Yanmega ex,Double Rare,280,1,4.0,0.53,,,0.53,0.59,-0.106,fair,,
Journey Together,33,Remoraid,Common,60,0,3.0,0.25,,,0.25,0.28,-0.105,fair,,
Destined Rivals,127,Team Rocket's Murkrow,Uncommon,80,0,4.0,0.33,,,0.33,0.37,-0.102,fair,,
Prismatic Evolutions,46,Iron Boulder,Rare,140,0,4.0,0.19,,,0.19,0.21,-0.102,fair,,
Destined Rivals,86,Steven's Carbink,Common,80,0,3.0,0.21,,,0.21,0.23,-0.101,fair,,
Prismatic Evolutions,149,Vaporeon ex,Special Illustration Rare,280,1,8.5,303.45,227.75,28.5,265.6,293.34,-0.099,fair,7200.0,10.0
Destined Rivals,140,Forretress,Uncommon,130,0,3.0,0.29,,,0.29,0.32,-0.097,fair,,
Destined Rivals,18,Hydrapple,Rare,170,0,3.0,0.33,,,0.33,0.36,-0.096,fair,,
Journey Together,154,Postwick,Uncommon,0,0,3.0,0.31,,,0.31,0.34,-0.096,fair,,
Destined Rivals,201,Zamazenta,Illustration Rare,130,0,3.0,4.91,,,4.91,5.4,-0.096,fair,,
Journey Together,86,Hop's Silicobra,Common,80,0,3.0,0.24,,,0.24,0.26,-0.094,fair,,
Journey Together,19,Nymble,Common,50,0,3.0,0.26,,,0.26,0.28,-0.092,fair,,
Prismatic Evolutions,34,Espeon ex,Double Rare,270,1,9.0,4.48,3.69,19.3,4.085,4.48,-0.092,fair,245.0,1.0
Black Bolt,28,Kyurem ex,Double Rare,0,1,3.0,0.58,,,0.58,0.63,-0.09,fair,,
Prismatic Evolutions,57,Okidogi,Rare,130,0,3.0,0.18,,,0.18,0.2,-0.088,fair,,
Destined Rivals,47,Misty's Starmie,Uncommon,100,0,3.0,0.29,,,0.29,0.32,-0.087,fair,,
Black Bolt,50,Throh,Uncommon,0,0,3.0,0.13,,,0.13,0.14,-0.087,fair,,
Destined Rivals,65,Cetitan ex,Double Rare,300,1,3.0,0.5,,,0.5,0.55,-0.086,fair,,
Journey Together,94,Paldean Clodsire ex,Double Rare,280,1,3.0,0.55,,,0.55,0.6,-0.086,fair,,
Journey Together,45,Alolan Graveler,Common,100,0,3.0,0.23,,,0.23,0.25,-0.085,fair,,
Black Bolt,25,Cubchoo,Common,0,0,3.0,0.1,,,0.1,0.11,-0.084,fair,,
Destined Rivals,95,Team Rocket's Pupitar,Common,100,0,3.0,0.21,,,0.21,0.23,-0.081,fair,,
Destined Rivals,222,Judge,Ultra Rare,0,0,3.0,2.46,,,2.46,2.66,-0.08,fair,,
Journey Together,71,Impidimp,Common,70,0,3.0,0.25,,,0.25,0.27,-0.079,fair,,
Journey Together,80,Larvitar,Common,70,0,3.0,0.25,,,0.25,0.27,-0.079,fair,,
Destined Rivals,241,Cynthia's Garchomp ex,Hyper Rare,330,1,8.0,30.41,,,30.41,32.9,-0.079,fair,,
Destined Rivals,151,Kangaskhan,Common,120,0,4.5,0.22,,,0.22,0.24,-0.078,fair,,
Journey Together,30,Reshiram ex,Double Rare,220,1,3.0,0.6,,,0.6,0.65,-0.078,fair,,
Prismatic Evolutions,45,Fezandipiti,Rare,120,0,3.0,0.19,,,0.19,0.21,-0.077,fair,,
Journey Together,75,Alcremie ex,Double Rare,250,1,4.0,0.66,,,0.66,0.71,-0.076,fair,,
Prismatic Evolutions,135,Brassius,Ultra Rare,0,0,3.0,0.62,,,0.62,0.67,-0.076,fair,1085.0,2.09
Destined Rivals,150,Team Rocket's Persian ex,Double Rare,260,1,5.0,0.59,,,0.59,0.64,-0.076,fair,,
Destined Rivals,116,Team Rocket's Nidoqueen,Uncommon,170,0,3.0,0.3,,,0.3,0.32,-0.075,fair,,
Destined Rivals,200,Team Rocket's Murkrow,Illustration Rare,80,0,4.0,10.05,,,10.05,10.8,-0.072,fair,,
Journey Together,51,Tapu Koko ex,Double Rare,200,1,3.0,0.62,,,0.62,0.67,-0.071,fair,,
Destined Rivals,191,Team Rocket's Houndoom,Illustration Rare,130,0,4.5,13.57,,,13.57,14.53,-0.068,fair,,
Journey Together,36,Lombre,Common,90,0,3.0,0.24,,,0.24,0.26,-0.068,fair,,
Destined Rivals,8,Cynthia's Roserade,Rare,130,0,3.0,0.32,,,0.32,0.34,-0.067,fair,,
Destined Rivals,195,Clamperl,Illustration Rare,60,0,3.0,5.29,,,5.29,5.65,-0.067,fair,,
Destined Rivals,98,Probopass,Uncommon,140,0,3.0,0.3,,,0.3,0.32,-0.066,fair,,
Journey Together,22,Torchic,Common,60,0,3.0,0.26,,,0.26,0.28,-0.066,fair,,
Journey Together,83,Pancham,Common,60,0,3.0,0.26,,,0.26,0.28,-0.066,fair,,
Destined Rivals,193,Misty's Psyduck,Illustration Rare,70,0,7.0,73.69,,,73.69,78.62,-0.065,fair,,
Destined Rivals,90,Mankey,Common,70,0,3.0,0.22,,,0.22,0.23,-0.064,fair,,
Black Bolt,53,Landorus,Rare,0,0,3.0,0.16,,,0.16,0.17,-0.064,fair,,
Destined Rivals,80,Team Rocket's Hypno,Uncommon,130,0,3.0,0.3,,,0.3,0.32,-0.063,fair,,
Prismatic Evolutions,139,Larry's Skill,Ultra Rare,0,0,3.0,0.63,,,0.63,0.67,-0.06,fair,1085.0,2.09
Black Bolt,135,Sandile,Illustration Rare,0,0,3.0,18.48,,,18.48,19.62,-0.06,fair,,
Destined Rivals,100,Medicham,Uncommon,120,0,3.0,0.3,,,0.3,0.32,-0.06,fair,,
Destined Rivals,84,Steven's Claydol,Uncommon,120,0,3.0,0.3,,,0.3,0.32,-0.06,fair,,
Destined Rivals,1,Ethan's Pinsir,Uncommon,120,0,3.0,0.3,,,0.3,0.32,-0.06,fair,,
Journey Together,180,Iris's Fighting Spirit,Ultra Rare,0,0,3.0,1.21,,,1.21,1.28,-0.059,fair,,
Destined Rivals,211,Dondozo ex,Ultra Rare,260,1,3.0,1.2,,,1.2,1.27,-0.057,fair,,
Black Bolt,44,Meloetta ex,Double Rare,0,1,3.0,0.6,,,0.6,0.63,-0.057,fair,,
Destined Rivals,168,Sacred Ash,Uncommon,0,0,3.0,0.29,,,0.29,0.31,-0.056,fair,,
Black Bolt,138,Escavalier,Illustration Rare,0,0,3.0,18.57,,,18.57,19.62,-0.055,fair,,
Destined Rivals,79,Team Rocket's Drowzee,Common,80,0,3.0,0.22,,,0.22,0.23,-0.054,fair,,
Journey Together,6,Petilil,Common,50,0,3.0,0.27,,,0.27,0.28,-0.054,fair,,
Destined Rivals,131,Marnie's Liepard,Uncommon,100,0,3.0,0.3,,,0.3,0.32,-0.053,fair,,
Journey Together,122,Kecleon,Common,80,0,3.0,0.25,,,0.25,0.26,-0.053,fair,,
Prismatic Evolutions,90,Noibat,Common,60,0,3.5,0.17,,,0.17,0.18,-0.053,fair,,
Black Bolt,104,Palpitoad,Illustration Rare,0,0,3.0,18.62,,,18.62,19.62,-0.052,fair,,
Destined Rivals,24,Rellor,Common,40,0,3.0,0.23,,,0.23,0.24,-0.049,fair,,
Journey Together,132,Greedent,Uncommon,120,0,3.0,0.33,,,0.33,0.35,-0.045,fair,,
Destined Rivals,231,Team Rocket's Mewtwo ex,Special Illustration Rare,280,1,9.5,531.03,,,531.03,555.11,-0.044,fair,,
Journey Together,170,Hop's Wooloo,Illustration Rare,70,0,4.0,4.85,,,4.85,5.07,-0.044,fair,,
Prismatic Evolutions,180,Terapagos ex,Hyper Rare,230,1,6.0,9.44,10.0,5.8,9.719999999999999,10.15,-0.044,fair,625.0,1.49
Destined Rivals,239,Ethan's Ho-Oh ex,Hyper Rare,230,1,7.5,28.04,,,28.04,29.29,-0.043,fair,,
Prismatic Evolutions,176,Iron Leaves ex,Hyper Rare,220,1,5.0,5.73,5.75,0.3,5.74,5.97,-0.04,fair,625.0,1.49
Journey Together,112,Bagon,Common,70,0,3.0,0.26,,,0.26,0.27,-0.04,fair,,
Journey Together,96,N's Purrloin,Common,70,0,3.0,0.26,,,0.26,0.27,-0.04,fair,,
Destined Rivals,56,Gorebyss,Rare,90,0,3.0,0.31,,,0.31,0.32,-0.038,fair,,
Destined Rivals,82,Team Rocket's Wobbuffet,Rare,110,0,3.0,0.32,,,0.32,0.33,-0.037,fair,,
Prismatic Evolutions,150,Glaceon ex,Special Illustration Rare,270,1,8.5,285.18,236.98,18.5,261.08,270.73,-0.036,fair,7200.0,10.0
Journey Together,127,Noibat,Common,60,0,3.5,0.31,,,0.31,0.32,-0.036,fair,,
Destined Rivals,157,Swellow,Common,100,0,3.0,0.22,,,0.22,0.23,-0.035,fair,,
Journey Together,150,Levincia,Uncommon,0,0,3.0,0.33,,,0.33,0.34,-0.033,fair,,
Destined Rivals,203,Team Rocket's Meowth,Illustration Rare,70,0,5.5,28.29,,,28.29,29.23,-0.033,fair,,
Destined Rivals,104,Cynthia's Garchomp ex,Double Rare,330,1,8.0,0.94,,,0.94,0.97,-0.031,fair,,
Destined Rivals,15,Team Rocket's Blipbug,Common,60,0,3.0,0.23,,,0.23,0.24,-0.029,fair,,
Destined Rivals,66,Dondozo ex,Double Rare,260,1,3.0,0.5,,,0.5,0.51,-0.028,fair,,
Journey Together,133,Hop's Rookidee,Common,60,0,3.0,0.27,,,0.27,0.28,-0.028,fair,,
Journey Together,52,Iono's Tadbulb,Common,60,0,3.0,0.27,,,0.27,0.28,-0.028,fair,,
Journey Together,91,Koffing,Common,60,0,3.0,0.27,,,0.27,0.28,-0.028,fair,,
Journey Together,93,Paldean Wooper,Common,60,0,3.0,0.27,,,0.27,0.28,-0.028,fair,,
Journey Together,118,Sentret,Common,60,0,3.0,0.27,,,0.27,0.28,-0.028,fair,,
Destined Rivals,58,Floatzel,Uncommon,120,0,3.0,0.31,,,0.31,0.32,-0.027,fair,,
Black Bolt,95,Foongus,Illustration Rare,0,0,3.0,19.15,,,19.15,19.62,-0.024,fair,,
Destined Rivals,237,Team Rocket's Ariana,Special Illustration Rare,0,0,4.5,22.38,,,22.38,22.91,-0.024,fair,,
Destined Rivals,232,Cynthia's Garchomp ex,Special Illustration Rare,330,1,8.0,264.57,,,264.57,270.71,-0.023,fair,,
Destined Rivals,175,Team Rocket's Great Ball,Uncommon,0,0,3.0,0.3,,,0.3,0.31,-0.023,fair,,
Destined Rivals,190,Ethan's Typhlosion,Illustration Rare,170,0,5.5,26.79,,,26.79,27.38,-0.022,fair,,
Prismatic Evolutions,25,Glaceon,Rare,120,0,8.5,0.37,,,0.37,0.38,-0.021,fair,,
Destined Rivals,135,Marnie's Morgrem,Uncommon,100,0,3.0,0.31,,,0.31,0.32,-0.021,fair,,
Journey Together,73,Grimmsnarl,Uncommon,170,0,3.0,0.34,,,0.34,0.35,-0.02,fair,,
Destined Rivals,112,Team Rocket's Ekans,Common,70,0,3.0,0.23,,,0.23,0.23,-0.02,fair,,
Black Bolt,88,Servine,Illustration Rare,0,0,3.0,19.26,,,19.26,19.62,-0.019,fair,,
Prismatic Evolutions,153,Jolteon ex,Special Illustration Rare,260,1,8.0,204.0,175.49,15.0,189.745,193.11,-0.018,fair,7200.0,10.0
Journey Together,123,Tropius,Common,110,0,3.0,0.24,,,0.24,0.24,-0.016,fair,,
Destined Rivals,85,Team Rocket's Chingling,Common,30,0,3.0,0.24,,,0.24,0.24,-0.016,fair,,
Journey Together,20,Magmar,Common,80,0,3.0,0.26,,,0.26,0.26,-0.014,fair,,
Destined Rivals,208,Team Rocket's Moltres ex,Ultra Rare,220,1,7.0,5.16,,,5.16,5.22,-0.012,fair,,
Destined Rivals,43,Heat Rotom,Common,80,0,3.0,0.23,,,0.23,0.23,-0.01,fair,,
Prismatic Evolutions,100,Briar,Uncommon,0,0,4.5,0.21,,,0.21,0.21,-0.009,fair,,
Prismatic Evolutions,123,Professor's Research,Common,0,0,3.0,0.17,,,0.17,0.17,-0.008,fair,,
Destined Rivals,243,Jamming Tower,Hyper Rare,0,0,3.0,8.57,,,8.57,8.63,-0.007,fair,,
Journey Together,40,Wailmer,Common,130,0,3.0,0.23,,,0.23,0.23,-0.007,fair,,
Destined Rivals,229,Team Rocket's Moltres ex,Special Illustration Rare,220,1,7.0,108.11,,,108.11,108.8,-0.006,fair,,
Destined Rivals,145,Steven's Metagross ex,Double Rare,340,1,5.5,0.75,,,0.75,0.75,-0.005,fair,,
Destined Rivals,124,Team Rocket's Muk,Uncommon,150,0,3.0,0.32,,,0.32,0.32,-0.004,fair,,
Black Bolt,66,Cobalion,Rare,0,0,3.0,0.17,,,0.17,0.17,-0.003,fair,,
Prismatic Evolutions,61,Sneasel,Common,60,0,3.0,0.17,,,0.17,0.17,-0.002,fair,,
Prismatic Evolutions,62,Houndour,Common,70,0,3.0,0.17,,,0.17,0.17,-0.001,fair,,
Journey Together,109,Cufant,Common,100,0,3.0,0.25,,,0.25,0.25,-0.001,fair,,
Journey Together,78,Piloswine,Common,100,0,3.0,0.25,,,0.25,0.25,-0.001,fair,,
Destined Rivals,59,Snover,Common,90,0,3.0,0.23,,,0.23,0.23,-0.0,fair,,
Destined Rivals,17,Dipplin,Common,90,0,3.0,0.23,,,0.23,0.23,-0.0,fair,,
Journey Together,32,Articuno,Uncommon,110,0,5.0,0.42,,,0.42,0.42,-0.0,fair,,
Prismatic Evolutions,132,Amarys,Ultra Rare,0,0,4.5,0.68,,,0.68,0.68,0.0,fair,1085.0,2.09
Destined Rivals,212,Electivire ex,Ultra Rare,280,1,3.0,1.24,,,1.24,1.24,0.002,fair,,
Destined Rivals,53,Cynthia's Milotic,Uncommon,130,0,3.0,0.32,,,0.32,0.32,0.002,fair,,
Destined Rivals,63,Barraskewda,Uncommon,130,0,3.0,0.32,,,0.32,0.32,0.002,fair,,
Destined Rivals,113,Team Rocket's Arbok,Uncommon,130,0,3.0,0.32,,,0.32,0.32,0.002,fair,,
Black Bolt,112,Emolga,Illustration Rare,0,0,3.0,19.68,,,19.68,19.62,0.003,fair,,
Destined Rivals,147,Team Rocket's Rattata,Common,50,0,3.0,0.24,,,0.24,0.24,0.004,fair,,
Prismatic Evolutions,104,Ciphermaniac's Codebreaking,Uncommon,0,0,3.0,0.2,,,0.2,0.2,0.004,fair,,
Journey Together,3,Butterfree,Rare,120,0,3.0,0.48,,,0.48,0.48,0.005,fair,,
Destined Rivals,76,Manectric,Uncommon,120,0,3.0,0.32,,,0.32,0.32,0.005,fair,,
Destined Rivals,244,Levincia,Hyper Rare,0,0,3.0,8.69,,,8.69,8.63,0.007,fair,,
Destined Rivals,111,Cornerstone Mask Ogerpon,Uncommon,110,0,3.0,0.32,,,0.32,0.32,0.008,fair,,
Journey Together,38,Wingull,Common,60,0,3.0,0.28,,,0.28,0.28,0.008,fair,,
Journey Together,44,Alolan Geodude,Common,60,0,3.0,0.28,,,0.28,0.28,0.008,fair,,
Journey Together,88,Toedscool,Common,60,0,3.0,0.28,,,0.28,0.28,0.008,fair,,
Journey Together,103,N's Klink,Common,60,0,3.0,0.28,,,0.28,0.28,0.008,fair,,
Journey Together,130,Drampa,Common,120,0,3.0,0.24,,,0.24,0.24,0.01,fair,,
Prismatic Evolutions,173,Janine's Secret Art,Special Illustration Rare,0,0,5.0,26.27,22.46,15.6,24.365000000000002,24.12,0.01,fair,7200.0,10.0
Black Bolt,94,Karrablast,Illustration Rare,0,0,3.0,19.82,,,19.82,19.62,0.01,fair,,
Destined Rivals,172,Team Rocket's Bother-Bot,Uncommon,0,0,3.0,0.31,,,0.31,0.31,0.01,fair,,
Destined Rivals,177,Team Rocket's Proton,Uncommon,0,0,3.0,0.31,,,0.31,0.31,0.01,fair,,
Black Bolt,19,Tympole,Common,0,0,3.0,0.11,,,0.11,0.11,0.012,fair,,
Black Bolt,29,Emolga,Common,0,0,3.0,0.11,,,0.11,0.11,0.012,fair,,
Black Bolt,57,Sandile,Common,0,0,3.0,0.11,,,0.11,0.11,0.012,fair,,
Black Bolt,47,Timburr,Common,0,0,3.0,0.11,,,0.11,0.11,0.012,fair,,
Black Bolt,42,Golett,Common,0,0,3.0,0.11,,,0.11,0.11,0.012,fair,,
Black Bolt,45,Drilbur,Common,0,0,3.0,0.11,,,0.11,0.11,0.012,fair,,
Black Bolt,54,Venipede,Common,0,0,3.0,0.11,,,0.11,0.11,0.012,fair,,
Journey Together,134,Hop's Corvisquire,Common,90,0,3.0,0.26,,,0.26,0.26,0.012,fair,,
Journey Together,145,Black Belt's Training,Common,0,0,3.0,0.33,,,0.33,0.32,0.017,fair,,
Prismatic Evolutions,29,Jolteon,Rare,110,0,8.0,0.38,,,0.38,0.37,0.018,fair,,
Journey Together,176,Hop's Zacian ex,Ultra Rare,230,1,6.0,1.93,,,1.93,1.89,0.019,fair,,
Destined Rivals,12,Crustle,Rare,150,0,3.0,0.36,,,0.36,0.35,0.021,fair,,
Prismatic Evolutions,22,Vaporeon,Rare,130,0,8.5,0.37,,,0.37,0.36,0.023,fair,,
Destined Rivals,29,Ponyta,Common,70,0,3.0,0.24,,,0.24,0.23,0.023,fair,,
Destined Rivals,143,Steven's Beldum,Common,70,0,3.0,0.24,,,0.24,0.23,0.023,fair,,
Destined Rivals,125,Team Rocket's Koffing,Common,70,0,3.0,0.24,,,0.24,0.23,0.023,fair,,
Journey Together,64,N's Sigilyph,Common,110,0,3.0,0.25,,,0.25,0.24,0.025,fair,,
Journey Together,137,Cramorant,Common,110,0,3.0,0.25,,,0.25,0.24,0.025,fair,,
Black Bolt,116,Munna,Illustration Rare,0,0,3.0,20.12,,,20.12,19.62,0.025,fair,,
Journey Together,157,Ruffian,Uncommon,0,0,3.0,0.35,,,0.35,0.34,0.026,fair,,
Journey Together,153,N's PP Up,Uncommon,0,0,3.0,0.35,,,0.35,0.34,0.026,fair,,
Destined Rivals,60,Abomasnow,Uncommon,150,0,3.0,0.33,,,0.33,0.32,0.026,fair,,
Destined Rivals,108,Mudsdale,Uncommon,150,0,3.0,0.33,,,0.33,0.32,0.026,fair,,
Prismatic Evolutions,154,Iron Hands ex,Special Illustration Rare,230,1,5.0,33.22,33.21,0.0,33.215,32.35,0.027,fair,7200.0,10.0
Prismatic Evolutions,133,Atticus,Ultra Rare,0,0,3.0,0.69,,,0.69,0.67,0.031,fair,1085.0,2.09
Black Bolt,109,Cubchoo,Illustration Rare,0,0,3.0,20.25,,,20.25,19.62,0.032,fair,,
Journey Together,4,Paras,Common,70,0,3.0,0.28,,,0.28,0.27,0.034,fair,,
Journey Together,76,Cubone,Common,70,0,3.0,0.28,,,0.28,0.27,0.034,fair,,
Black Bolt,113,Tynamo,Illustration Rare,0,0,3.0,20.31,,,20.31,19.62,0.035,fair,,
Prismatic Evolutions,5,Leafeon,Rare,120,0,7.5,0.35,,,0.35,0.34,0.035,fair,,
Destined Rivals,133,Marnie's Scrafty,Uncommon,120,0,3.0,0.33,,,0.33,0.32,0.036,fair,,
Destined Rivals,228,Yanmega ex,Special Illustration Rare,280,1,4.0,23.77,,,23.77,22.93,0.036,fair,,
Journey Together,129,Komala,Common,100,0,3.0,0.26,,,0.26,0.25,0.038,fair,,
Journey Together,62,Metang,Common,100,0,3.0,0.26,,,0.26,0.25,0.038,fair,,
Journey Together,113,Shelgon,Common,100,0,3.0,0.26,,,0.26,0.25,0.038,fair,,
Journey Together,106,Galarian Stunfisk,Common,100,0,3.0,0.26,,,0.26,0.25,0.038,fair,,
Journey Together,165,Swinub,Illustration Rare,70,0,3.5,3.81,,,3.81,3.67,0.038,fair,,
Prismatic Evolutions,16,Pyroar,Uncommon,120,0,3.0,0.2,,,0.2,0.19,0.038,fair,,
Prismatic Evolutions,32,Iron Thorns ex,Double Rare,230,1,4.5,0.87,1.0,13.9,0.935,0.9,0.041,fair,245.0,1.0
Prismatic Evolutions,40,Sylveon,Rare,120,0,9.5,0.44,,,0.44,0.42,0.042,fair,,
Destined Rivals,169,Spikemuth Gym,Uncommon,0,0,3.0,0.32,,,0.32,0.31,0.042,fair,,
Destined Rivals,173,Team Rocket's Factory,Uncommon,0,0,3.0,0.32,,,0.32,0.31,0.042,fair,,
Journey Together,100,Lokix,Uncommon,120,0,3.0,0.36,,,0.36,0.35,0.042,fair,,
Destined Rivals,73,Team Rocket's Flaaffy,Common,90,0,3.0,0.24,,,0.24,0.23,0.042,fair,,
Prismatic Evolutions,179,Pikachu ex,Hyper Rare,200,1,9.0,62.15,66.5,6.8,64.325,61.57,0.044,fair,625.0,1.49
Destined Rivals,120,Team Rocket's Zubat,Common,50,0,3.0,0.25,,,0.25,0.24,0.044,fair,,
Destined Rivals,202,Team Rocket's Raticate,Illustration Rare,90,0,3.0,5.8,,,5.8,5.54,0.045,fair,,
Journey Together,121,Dudunsparce ex,Double Rare,270,1,3.5,0.68,,,0.68,0.65,0.046,fair,,
Prismatic Evolutions,13,Flareon,Rare,130,0,8.5,0.38,,,0.38,0.36,0.049,fair,,
Prismatic Evolutions,109,Friends in Paldea,Common,0,0,3.0,0.18,,,0.18,0.17,0.05,fair,,
Journey Together,14,Durant,Common,90,0,3.0,0.27,,,0.27,0.26,0.05,fair,,
Journey Together,2,Metapod,Common,90,0,3.0,0.27,,,0.27,0.26,0.05,fair,,
Journey Together,5,Parasect,Common,120,0,3.0,0.25,,,0.25,0.24,0.051,fair,,
Journey Together,101,Bombirdier,Common,120,0,3.0,0.25,,,0.25,0.24,0.051,fair,,
Prismatic Evolutions,121,Professor Turo's Scenario,Uncommon,0,0,3.0,0.21,,,0.21,0.2,0.053,fair,,
Destined Rivals,153,Team Rocket's Porygon,Common,60,0,3.0,0.25,,,0.25,0.24,0.054,fair,,
Destined Rivals,156,Taillow,Common,60,0,3.0,0.25,,,0.25,0.24,0.054,fair,,
Destined Rivals,101,Regirock ex,Double Rare,230,1,3.0,0.52,,,0.52,0.49,0.054,fair,,
Prismatic Evolutions,1,Exeggcute,Common,60,0,3.0,0.18,,,0.18,0.17,0.055,fair,,
Black Bolt,82,Fennel,Uncommon,0,0,3.0,0.15,,,0.15,0.14,0.056,fair,,
Black Bolt,85,Professor's Research,Uncommon,0,0,3.0,0.15,,,0.15,0.14,0.056,fair,,
Black Bolt,81,Energy Coin,Uncommon,0,0,3.0,0.15,,,0.15,0.14,0.056,fair,,
Black Bolt,7,Lilligant,Uncommon,0,0,3.0,0.15,,,0.15,0.14,0.056,fair,,
Prismatic Evolutions,47,Larvitar,Common,70,0,3.0,0.18,,,0.18,0.17,0.056,fair,,
Destined Rivals,96,Team Rocket's Tyranitar,Rare,180,0,3.0,0.39,,,0.39,0.37,0.056,fair,,
Destined Rivals,242,Team Rocket's Crobat ex,Hyper Rare,310,1,6.0,17.07,,,17.07,16.1,0.059,fair,,
Destined Rivals,214,Regirock ex,Ultra Rare,230,1,3.0,1.4,,,1.4,1.32,0.059,fair,,
Destined Rivals,28,Arcanine,Uncommon,140,0,3.0,0.34,,,0.34,0.32,0.059,fair,,
Destined Rivals,74,Team Rocket's Ampharos,Uncommon,140,0,3.0,0.34,,,0.34,0.32,0.059,fair,,
Destined Rivals,110,Arven's Toedscruel,Uncommon,140,0,3.0,0.34,,,0.34,0.32,0.059,fair,,
Journey Together,184,Lillie's Clefairy ex,Special Illustration Rare,190,1,8.5,121.94,,,121.94,114.88,0.06,fair,,
Destined Rivals,25,Rabsca ex,Double Rare,250,1,3.0,0.54,,,0.54,0.51,0.063,fair,,
Destined Rivals,240,Team Rocket's Mewtwo ex,Hyper Rare,280,1,9.5,62.52,,,62.52,58.67,0.064,fair,,
Destined Rivals,138,Arven's Maschiff,Common,70,0,3.0,0.25,,,0.25,0.23,0.064,fair,,
Destined Rivals,40,Torchic,Common,70,0,3.0,0.25,,,0.25,0.23,0.064,fair,,
Journey Together,7,Lilligant,Common,110,0,3.0,0.26,,,0.26,0.24,0.064,fair,,
Prismatic Evolutions,27,Wellspring Mask Ogerpon ex,Double Rare,210,1,5.0,0.84,1.5,56.4,1.17,1.1,0.065,fair,245.0,1.0
Destined Rivals,216,Team Rocket's Nidoking ex,Ultra Rare,330,1,6.0,3.44,,,3.44,3.22,0.065,fair,,
Destined Rivals,14,Lurantis,Uncommon,120,0,3.0,0.34,,,0.34,0.32,0.066,fair,,
Destined Rivals,223,Team Rocket's Archer,Ultra Rare,0,0,3.0,2.85,,,2.85,2.66,0.067,fair,,
Destined Rivals,78,Zeraora,Rare,100,0,3.0,0.35,,,0.35,0.33,0.068,fair,,
Destined Rivals,67,Wellspring Mask Ogerpon,Uncommon,110,0,3.0,0.34,,,0.34,0.32,0.069,fair,,
Journey Together,84,Rockruff,Common,70,0,3.0,0.29,,,0.29,0.27,0.069,fair,,
Journey Together,34,Octillery,Uncommon,110,0,3.0,0.37,,,0.37,0.34,0.071,fair,,
Destined Rivals,144,Steven's Metang,Uncommon,100,0,3.0,0.34,,,0.34,0.32,0.072,fair,,
Destined Rivals,179,Team Rocket's Venture Bomb,Uncommon,0,0,3.0,0.33,,,0.33,0.31,0.073,fair,,
Destined Rivals,164,Energy Recycler,Uncommon,0,0,3.0,0.33,,,0.33,0.31,0.073,fair,,
Black Bolt,125,Timburr,Illustration Rare,0,0,3.0,21.11,,,21.11,19.62,0.073,fair,,
Prismatic Evolutions,142,Raifort,Ultra Rare,0,0,3.0,0.72,,,0.72,0.67,0.073,fair,1085.0,2.09
Destined Rivals,61,Wash Rotom,Common,80,0,3.0,0.25,,,0.25,0.23,0.073,fair,,
Prismatic Evolutions,42,Scream Tail,Uncommon,90,0,3.0,0.21,,,0.21,0.19,0.079,fair,,
Destined Rivals,34,Ethan's Typhlosion,Rare,170,0,5.5,0.46,,,0.46,0.43,0.079,fair,,
Black Bolt,34,Zekrom ex,Double Rare,0,1,3.0,0.69,,,0.69,0.63,0.083,fair,,
Prismatic Evolutions,156,Sylveon ex,Special Illustration Rare,270,1,9.5,552.17,434.08,23.9,493.125,453.29,0.084,fair,7200.0,10.0
Journey Together,58,Mr. Mime,Common,90,0,3.0,0.28,,,0.28,0.26,0.086,fair,,
Journey Together,104,N's Klang,Common,90,0,3.0,0.28,,,0.28,0.26,0.086,fair,,
Journey Together,81,Pupitar,Common,90,0,3.0,0.28,,,0.28,0.26,0.086,fair,,
Journey Together,18,Meowscarada,Rare,160,0,3.0,0.49,,,0.49,0.45,0.087,fair,,
Journey Together,187,Salamence ex,Special Illustration Rare,320,1,6.5,59.89,,,59.89,54.85,0.088,fair,,
Prismatic Evolutions,19,Slowking,Uncommon,130,0,3.0,0.21,,,0.21,0.19,0.09,fair,,
Destined Rivals,126,Team Rocket's Weezing,Uncommon,130,0,3.0,0.35,,,0.35,0.32,0.091,fair,,
Journey Together,105,N's Klinklang,Uncommon,160,0,3.0,0.38,,,0.38,0.35,0.092,fair,,
Destined Rivals,128,Team Rocket's Sneasel,Rare,80,0,3.0,0.35,,,0.35,0.32,0.098,fair,,
Black Bolt,51,Dwebble,Common,0,0,3.0,0.12,,,0.12,0.11,0.099,fair,,
Black Bolt,55,Whirlipede,Common,0,0,3.0,0.12,,,0.12,0.11,0.099,fair,,
Black Bolt,13,Darumaka,Common,0,0,3.0,0.12,,,0.12,0.11,0.099,fair,,
Black Bolt,35,Munna,Common,0,0,3.0,0.12,,,0.12,0.11,0.099,fair,,
Prismatic Evolutions,107,Explorer's Guidance,Uncommon,0,0,3.0,0.22,,,0.22,0.2,0.099,fair,,
Prismatic Evolutions,106,Earthen Vessel,Uncommon,0,0,3.0,0.22,,,0.22,0.2,0.099,fair,,
Destined Rivals,52,Cynthia's Feebas,Common,30,0,3.0,0.27,,,0.27,0.24,0.102,fair,,
Journey Together,139,Lechonk,Common,70,0,3.0,0.3,,,0.3,0.27,0.103,fair,,
Journey Together,143,Black Belt's Training,Common,0,0,3.0,0.36,,,0.36,0.32,0.104,fair,,
Destined Rivals,121,Team Rocket's Golbat,Uncommon,80,0,3.0,0.35,,,0.35,0.31,0.107,fair,,
Black Bolt,49,Conkeldurr,Rare,0,0,3.0,0.19,,,0.19,0.17,0.108,fair,,
Black Bolt,23,Carracosta,Rare,0,0,3.0,0.19,,,0.19,0.17,0.108,fair,,
Black Bolt,12,Victini,Rare,0,0,3.0,0.19,,,0.19,0.17,0.108,fair,,
Prismatic Evolutions,20,Goldeen,Common,50,0,3.0,0.19,,,0.19,0.17,0.108,fair,,
Journey Together,35,Lotad,Common,60,0,3.0,0.31,,,0.31,0.28,0.11,fair,,
Prismatic Evolutions,78,Noctowl,Rare,100,0,3.0,0.25,,,0.25,0.22,0.11,fair,,
Journey Together,110,Copperajah,Uncommon,190,0,3.0,0.39,,,0.39,0.35,0.115,fair,,
Journey Together,74,Milcery,Common,50,0,3.0,0.32,,,0.32,0.28,0.116,fair,,
Destined Rivals,155,Team Rocket's Porygon-Z,Uncommon,140,0,3.0,0.36,,,0.36,0.32,0.116,fair,,
Journey Together,108,Hop's Corviknight,Uncommon,170,0,3.0,0.39,,,0.39,0.35,0.117,fair,,
Destined Rivals,187,Team Rocket's Spidops,Illustration Rare,130,0,3.0,6.09,,,6.09,5.4,0.12,fair,,
Destined Rivals,70,Team Rocket's Zapdos,Rare,120,0,3.0,0.38,,,0.38,0.34,0.12,fair,,
Journey Together,27,N's Darmanitan,Uncommon,140,0,3.0,0.39,,,0.39,0.35,0.12,fair,,
Black Bolt,76,Cinccino,Uncommon,0,0,3.0,0.16,,,0.16,0.14,0.12,fair,,
Black Bolt,32,Eelektross,Uncommon,0,0,3.0,0.16,,,0.16,0.14,0.12,fair,,
Black Bolt,22,Tirtouga,Uncommon,0,0,3.0,0.16,,,0.16,0.14,0.12,fair,,
Journey Together,89,Toedscruel,Uncommon,130,0,3.0,0.39,,,0.39,0.35,0.121,fair,,
Destined Rivals,19,Team Rocket's Tarountula,Common,50,0,3.0,0.27,,,0.27,0.24,0.121,fair,,
Destined Rivals,31,Team Rocket's Moltres ex,Double Rare,220,1,7.0,0.84,,,0.84,0.74,0.122,fair,,
Destined Rivals,154,Team Rocket's Porygon2,Common,90,0,3.0,0.26,,,0.26,0.23,0.122,fair,,
Journey Together,115,Druddigon,Common,120,0,3.0,0.27,,,0.27,0.24,0.128,fair,,
Journey Together,26,N's Darumaka,Common,80,0,3.0,0.3,,,0.3,0.26,0.129,fair,,
Journey Together,183,Iono's Bellibolt ex,Special Illustration Rare,280,1,6.0,41.61,,,41.61,36.56,0.129,fair,,
Journey Together,124,Audino,Common,110,0,3.0,0.28,,,0.28,0.24,0.138,fair,,
Journey Together,174,Mamoswine ex,Ultra Rare,340,1,4.0,0.86,,,0.86,0.75,0.138,fair,,
Prismatic Evolutions,140,Mela,Ultra Rare,0,0,3.0,0.77,,,0.77,0.67,0.14,fair,1085.0,2.09
Destined Rivals,137,Marnie's Morpeko,Common,70,0,3.0,0.27,,,0.27,0.23,0.141,fair,,
Destined Rivals,57,Buizel,Common,70,0,3.0,0.27,,,0.27,0.23,0.141,fair,,
Destined Rivals,11,Dwebble,Common,70,0,3.0,0.27,,,0.27,0.23,0.141,fair,,
Journey Together,54,Iono's Wattrel,Common,60,0,3.0,0.32,,,0.32,0.28,0.142,fair,,
Prismatic Evolutions,108,Festival Grounds,Uncommon,0,0,3.0,0.23,,,0.23,0.2,0.144,fair,,
Prismatic Evolutions,94,Area Zero Underdepths,Uncommon,0,0,3.0,0.23,,,0.23,0.2,0.144,fair,,
Journey Together,87,Hop's Sandaconda,Uncommon,140,0,3.0,0.4,,,0.4,0.35,0.146,fair,,
Journey Together,126,Cinccino,Uncommon,100,0,3.0,0.4,,,0.4,0.34,0.149,fair,,
Destined Rivals,27,Growlithe,Common,80,0,3.0,0.27,,,0.27,0.23,0.15,fair,,
Journey Together,186,Hop's Zacian ex,Special Illustration Rare,230,1,6.0,36.49,,,36.49,31.39,0.15,fair,,
Prismatic Evolutions,60,Umbreon ex,Double Rare,280,1,10.0,7.43,,,7.43,6.39,0.15,fair,245.0,1.0
Prismatic Evolutions,74,Eevee,Common,50,0,8.0,0.33,,,0.33,0.28,0.153,fair,,
Journey Together,25,Torkoal,Common,130,0,3.0,0.27,,,0.27,0.23,0.153,fair,,
Journey Together,70,Dhelmise,Common,130,0,3.0,0.27,,,0.27,0.23,0.153,fair,,
Prismatic Evolutions,79,Dunsparce,Common,60,0,4.0,0.22,,,0.22,0.19,0.154,fair,,
Prismatic Evolutions,124,Professor's Research,Common,0,0,3.0,0.2,,,0.2,0.17,0.155,fair,,
Prismatic Evolutions,115,Larry's Skill,Common,0,0,3.0,0.2,,,0.2,0.17,0.155,fair,,
Prismatic Evolutions,122,Professor's Research,Common,0,0,3.0,0.2,,,0.2,0.17,0.155,fair,,
Journey Together,17,Floragato,Common,90,0,3.0,0.3,,,0.3,0.26,0.155,fair,,
Destined Rivals,230,Ethan's Ho-Oh ex,Special Illustration Rare,230,1,7.5,175.28,,,175.28,149.82,0.157,fair,,
Prismatic Evolutions,9,Applin,Common,40,0,3.0,0.2,,,0.2,0.17,0.159,fair,,
Destined Rivals,22,Dolliv,Common,90,0,3.0,0.27,,,0.27,0.23,0.16,fair,,
Prismatic Evolutions,83,Buneary,Common,60,0,3.0,0.2,,,0.2,0.17,0.16,fair,,
Prismatic Evolutions,50,Riolu,Common,70,0,3.0,0.2,,,0.2,0.17,0.161,fair,,
Destined Rivals,152,Tauros,Common,130,0,3.0,0.26,,,0.26,0.22,0.161,fair,,
Prismatic Evolutions,113,Kieran,Uncommon,0,0,5.5,0.26,,,0.26,0.22,0.163,fair,,
Prismatic Evolutions,84,Lopunny,Common,90,0,3.0,0.2,,,0.2,0.17,0.163,fair,,
Journey Together,46,Alolan Golem,Uncommon,180,0,3.0,0.41,,,0.41,0.35,0.166,fair,,
Prismatic Evolutions,53,Hippowdon,Common,150,0,3.0,0.2,,,0.2,0.17,0.168,fair,,
Prismatic Evolutions,178,Walking Wake ex,Hyper Rare,220,1,5.0,6.12,8.06,27.4,7.09,5.97,0.171,fair,625.0,1.49
Journey Together,15,Virizion,Uncommon,120,0,3.0,0.41,,,0.41,0.35,0.172,fair,,
Journey Together,59,Shuppet,Common,60,0,3.0,0.33,,,0.33,0.28,0.173,fair,,
Journey Together,95,Tyranitar,Rare,190,0,3.0,0.51,,,0.51,0.43,0.173,fair,,
Prismatic Evolutions,14,Flareon ex,Double Rare,270,1,8.5,3.87,5.0,25.5,4.4350000000000005,3.73,0.173,fair,245.0,1.0
Destined Rivals,23,Arboliva ex,Double Rare,310,1,3.0,0.66,,,0.66,0.55,0.177,fair,,
Black Bolt,69,Fraxure,Common,0,0,3.0,0.13,,,0.13,0.11,0.179,fair,,
Destined Rivals,91,Primeape,Common,110,0,3.0,0.27,,,0.27,0.23,0.18,fair,,
Journey Together,175,N's Zoroark ex,Ultra Rare,280,1,7.0,3.97,,,3.97,3.31,0.181,fair,,
Black Bolt,79,Air Balloon,Uncommon,0,0,3.0,0.17,,,0.17,0.14,0.181,fair,,
Black Bolt,56,Scolipede,Uncommon,0,0,3.0,0.17,,,0.17,0.14,0.181,fair,,
Prismatic Evolutions,33,Espeon,Rare,110,0,9.0,0.5,,,0.5,0.42,0.182,fair,,
Prismatic Evolutions,112,Janine's Secret Art,Uncommon,0,0,5.0,0.26,,,0.26,0.22,0.184,fair,,
Prismatic Evolutions,2,Exeggutor,Uncommon,140,0,3.0,0.23,,,0.23,0.19,0.184,fair,,
Journey Together,158,Super Potion,Uncommon,0,0,3.0,0.41,,,0.41,0.34,0.184,fair,,
Prismatic Evolutions,101,Buddy-Buddy Poffin,Uncommon,0,0,3.0,0.24,,,0.24,0.2,0.186,fair,,
Destined Rivals,170,Team Rocket's Archer,Uncommon,0,0,3.0,0.37,,,0.37,0.31,0.187,fair,,
Prismatic Evolutions,119,Prime Catcher,ACE SPEC Rare,0,0,3.0,0.6,,,0.6,0.5,0.188,fair,,
Prismatic Evolutions,158,Iron Crown ex,Special Illustration Rare,220,1,5.0,38.37,33.76,12.8,36.065,29.85,0.189,fair,7200.0,10.0
Journey Together,37,Ludicolo,Rare,140,0,3.0,0.56,,,0.56,0.46,0.19,fair,,
Journey Together,92,Weezing,Uncommon,130,0,3.0,0.42,,,0.42,0.35,0.195,fair,,
Journey Together,48,Iono's Electrode,Uncommon,100,0,3.0,0.42,,,0.42,0.34,0.198,fair,,
Black Bolt,114,Eelektrik,Illustration Rare,0,0,3.0,23.94,,,23.94,19.62,0.199,fair,,
Prismatic Evolutions,59,Umbreon,Rare,110,0,10.0,0.57,,,0.57,0.47,0.202,fair,,
Destined Rivals,130,Marnie's Purrloin,Common,60,0,3.0,0.29,,,0.29,0.24,0.203,fair,,
Prismatic Evolutions,117,Maximum Belt,ACE SPEC Rare,0,0,3.0,0.61,,,0.61,0.5,0.204,fair,,
Black Bolt,70,Haxorus,Rare,0,0,3.0,0.21,,,0.21,0.17,0.208,fair,,
Journey Together,144,Black Belt's Training,Common,0,0,3.0,0.4,,,0.4,0.32,0.21,fair,,
Prismatic Evolutions,77,Hoothoot,Common,80,0,3.0,0.21,,,0.21,0.17,0.211,fair,,
Destined Rivals,32,Ethan's Cyndaquil,Common,70,0,3.0,0.29,,,0.29,0.23,0.212,fair,,
Prismatic Evolutions,24,Suicune,Uncommon,120,0,6.0,0.27,,,0.27,0.22,0.214,fair,,
Destined Rivals,129,Cynthia's Spiritomb,Uncommon,70,0,3.0,0.39,,,0.39,0.31,0.218,fair,,
Journey Together,189,N's Zoroark ex,Hyper Rare,280,1,7.0,15.42,,,15.42,12.39,0.219,fair,,
Journey Together,42,Regice,Uncommon,120,0,3.0,0.43,,,0.43,0.35,0.22,fair,,
Destined Rivals,69,Electivire ex,Double Rare,280,1,3.0,0.66,,,0.66,0.53,0.22,fair,,
Destined Rivals,88,Team Rocket's Dottler,Common,80,0,3.0,0.29,,,0.29,0.23,0.222,fair,,
Journey Together,178,Dudunsparce ex,Ultra Rare,270,1,3.5,0.68,,,0.68,0.54,0.224,fair,,
Journey Together,173,Lillie's Clefairy ex,Ultra Rare,190,1,8.5,8.28,,,8.28,6.6,0.227,fair,,
Journey Together,16,Sprigatito,Common,60,0,3.0,0.35,,,0.35,0.28,0.232,fair,,
Destined Rivals,178,Team Rocket's Transceiver,Uncommon,0,0,3.0,0.39,,,0.39,0.31,0.24,fair,,
Destined Rivals,233,Team Rocket's Nidoking ex,Special Illustration Rare,330,1,6.0,108.12,,,108.12,84.97,0.241,fair,,
Destined Rivals,118,Team Rocket's Nidorino,Common,100,0,3.0,0.29,,,0.29,0.23,0.241,fair,,
Prismatic Evolutions,10,Dipplin,Uncommon,80,0,3.0,0.25,,,0.25,0.19,0.25,fair,,
Prismatic Evolutions,127,Roto-Stick,Common,0,0,3.0,0.22,,,0.22,0.17,0.25,fair,,
Destined Rivals,93,Ethan's Sudowoodo,Common,110,0,3.0,0.29,,,0.29,0.23,0.251,fair,,
Black Bolt,20,Palpitoad,Common,0,0,3.0,0.14,,,0.14,0.11,0.253,fair,,
Journey Together,156,Redeemable Ticket,Uncommon,0,0,3.0,0.44,,,0.44,0.34,0.254,fair,,
Prismatic Evolutions,7,Cottonee,Common,60,0,3.0,0.22,,,0.22,0.17,0.256,fair,,
Prismatic Evolutions,18,Slowpoke,Common,70,0,3.0,0.22,,,0.22,0.17,0.257,fair,,
Journey Together,97,N's Zorua,Common,70,0,3.0,0.35,,,0.35,0.27,0.257,fair,,
Prismatic Evolutions,157,Iron Valiant ex,Special Illustration Rare,220,1,5.5,53.62,46.63,13.9,50.125,38.63,0.261,fair,7200.0,10.0
Destined Rivals,136,Marnie's Grimmsnarl ex,Double Rare,320,1,3.0,0.73,,,0.73,0.56,0.263,fair,,
Destined Rivals,180,Team Rocket's Watchtower,Uncommon,0,0,3.0,0.4,,,0.4,0.31,0.265,fair,,
Prismatic Evolutions,95,Binding Mochi,Uncommon,0,0,3.0,0.26,,,0.26,0.2,0.266,fair,,
Black Bolt,89,Pansage,Illustration Rare,0,0,3.0,25.69,,,25.69,19.62,0.27,fair,,
Journey Together,162,Wailord,Illustration Rare,240,0,4.0,16.47,,,16.47,12.53,0.273,fair,,
Destined Rivals,33,Ethan's Quilava,Common,100,0,3.0,0.3,,,0.3,0.23,0.275,fair,,
Destined Rivals,132,Marnie's Scraggy,Common,70,0,3.0,0.31,,,0.31,0.23,0.279,fair,,
Prismatic Evolutions,147,Ceruledge ex,Special Illustration Rare,270,1,6.0,102.57,95.0,7.7,98.785,74.64,0.28,fair,7200.0,10.0
Destined Rivals,49,Misty's Gyarados,Rare,180,0,3.0,0.49,,,0.49,0.37,0.284,fair,,
Journey Together,140,Oinkologne,Uncommon,120,0,3.0,0.46,,,0.46,0.35,0.287,fair,,
Black Bolt,86,Prism Energy,Uncommon,0,0,3.0,0.19,,,0.19,0.14,0.292,fair,,
Black Bolt,36,Musharna,Uncommon,0,0,3.0,0.19,,,0.19,0.14,0.292,fair,,
Prismatic Evolutions,105,Crispin,Uncommon,0,0,5.0,0.29,,,0.29,0.22,0.293,fair,,
Prismatic Evolutions,96,Black Belt's Training,Common,0,0,3.0,0.23,,,0.23,0.17,0.295,fair,,
Prismatic Evolutions,4,Budew,Common,30,0,3.0,0.23,,,0.23,0.17,0.297,fair,,
Black Bolt,16,Volcarona,Rare,0,0,3.0,0.23,,,0.23,0.17,0.299,fair,,
Black Bolt,108,Alomomola,Illustration Rare,0,0,3.0,26.47,,,26.47,19.62,0.299,fair,,
Prismatic Evolutions,85,Fan Rotom,Common,70,0,3.0,0.23,,,0.23,0.17,0.301,fair,,
Prismatic Evolutions,30,Jolteon ex,Double Rare,260,1,8.0,4.51,3.99,12.2,4.25,3.14,0.304,fair,245.0,1.0
Prismatic Evolutions,81,Miltank,Common,130,0,3.0,0.23,,,0.23,0.17,0.306,fair,,
Journey Together,167,N's Reshiram,Illustration Rare,130,0,5.0,18.11,,,18.11,13.32,0.307,fair,,
Destined Rivals,41,Combusken,Common,100,0,3.0,0.31,,,0.31,0.23,0.308,fair,,
Destined Rivals,7,Cynthia's Roselia,Common,70,0,3.0,0.32,,,0.32,0.23,0.311,fair,,
Destined Rivals,46,Misty's Staryu,Common,70,0,3.0,0.32,,,0.32,0.23,0.311,fair,,
Destined Rivals,199,Team Rocket's Weezing,Illustration Rare,130,0,3.0,7.38,,,7.38,5.4,0.312,fair,,
Prismatic Evolutions,86,Regigigas,Uncommon,160,0,3.0,0.26,,,0.26,0.19,0.312,fair,,
Black Bolt,67,Genesect ex,Double Rare,0,1,3.0,0.87,,,0.87,0.63,0.315,fair,,
Black Bolt,40,Elgyem,Common,0,0,3.0,0.15,,,0.15,0.11,0.322,fair,,
Black Bolt,38,Duosion,Common,0,0,3.0,0.15,,,0.15,0.11,0.322,fair,,
Destined Rivals,50,Misty's Lapras,Common,110,0,5.0,0.34,,,0.34,0.25,0.327,fair,,
Destined Rivals,236,Ethan's Adventure,Special Illustration Rare,0,0,5.0,42.5,,,42.5,30.61,0.328,fair,,
Destined Rivals,115,Team Rocket's Nidorina,Common,90,0,3.0,0.32,,,0.32,0.23,0.33,fair,,
Destined Rivals,21,Smoliv,Common,60,0,3.0,0.33,,,0.33,0.24,0.332,fair,,
Prismatic Evolutions,136,Eri,Ultra Rare,0,0,3.0,0.94,,,0.94,0.67,0.34,fair,1085.0,2.09
Prismatic Evolutions,137,Friends in Paldea,Ultra Rare,0,0,3.0,0.94,,,0.94,0.67,0.34,fair,1085.0,2.09
Prismatic Evolutions,102,Bug Catching Set,Uncommon,0,0,3.0,0.28,,,0.28,0.2,0.341,fair,,
Destined Rivals,134,Marnie's Impidimp,Common,70,0,3.0,0.33,,,0.33,0.23,0.341,fair,,
Prismatic Evolutions,116,Max Rod,ACE SPEC Rare,0,0,3.0,0.7,,,0.7,0.5,0.342,fair,,
Journey Together,188,Iono's Bellibolt ex,Hyper Rare,280,1,6.0,17.57,,,17.57,12.39,0.349,fair,,
Destined Rivals,227,Team Rocket's Proton,Ultra Rare,0,0,3.0,3.81,,,3.81,2.66,0.358,OVERVALUED,,
Prismatic Evolutions,166,Raging Bolt ex,Special Illustration Rare,240,1,5.5,69.37,61.0,12.8,65.185,45.35,0.363,OVERVALUED,7200.0,10.0
Journey Together,117,Hop's Snorlax,Rare,150,0,3.0,0.66,,,0.66,0.46,0.369,OVERVALUED,,
Journey Together,56,Lillie's Clefairy ex,Double Rare,190,1,8.5,2.05,,,2.05,1.4,0.379,OVERVALUED,,
Journey Together,98,N's Zoroark ex,Double Rare,280,1,7.0,1.5,,,1.5,1.02,0.385,OVERVALUED,,
Prismatic Evolutions,72,Drakloak,Common,90,0,3.0,0.25,,,0.25,0.17,0.386,OVERVALUED,,
Prismatic Evolutions,63,Houndoom,Common,120,0,3.0,0.25,,,0.25,0.17,0.389,OVERVALUED,,
Black Bolt,31,Eelektrik,Uncommon,0,0,3.0,0.21,,,0.21,0.14,0.392,OVERVALUED,,
Destined Rivals,114,Team Rocket's Nidoran F,Common,70,0,3.0,0.35,,,0.35,0.23,0.4,OVERVALUED,,
Prismatic Evolutions,44,Munkidori,Rare,110,0,3.0,0.32,,,0.32,0.21,0.401,OVERVALUED,,
Prismatic Evolutions,175,Lacey,Special Illustration Rare,0,0,4.5,28.22,27.47,2.7,27.845,18.64,0.401,OVERVALUED,7200.0,10.0
Prismatic Evolutions,21,Seaking,Uncommon,110,0,3.0,0.29,,,0.29,0.19,0.407,OVERVALUED,,
Journey Together,63,Metagross,Rare,170,0,3.0,0.67,,,0.67,0.44,0.415,OVERVALUED,,
Destined Rivals,45,Misty's Psyduck,Uncommon,70,0,7.0,0.87,,,0.87,0.57,0.42,OVERVALUED,,
Prismatic Evolutions,167,Eevee ex,Special Illustration Rare,200,1,8.0,189.75,174.33,8.5,182.04000000000002,119.35,0.422,OVERVALUED,7200.0,10.0
Prismatic Evolutions,35,Duskull,Common,60,0,3.0,0.26,,,0.26,0.17,0.423,OVERVALUED,,
Black Bolt,91,Petilil,Illustration Rare,0,0,3.0,30.12,,,30.12,19.62,0.429,OVERVALUED,,
Destined Rivals,87,Team Rocket's Mimikyu,Uncommon,60,0,3.0,0.48,,,0.48,0.31,0.429,OVERVALUED,,
Prismatic Evolutions,171,Crispin,Special Illustration Rare,0,0,5.0,35.9,38.41,6.8,37.155,24.12,0.432,OVERVALUED,7200.0,10.0
Black Bolt,115,Eelektross,Illustration Rare,0,0,3.0,30.23,,,30.23,19.62,0.432,OVERVALUED,,
Destined Rivals,219,Team Rocket's Persian ex,Ultra Rare,260,1,5.0,3.87,,,3.87,2.51,0.433,OVERVALUED,,
Black Bolt,134,Scolipede,Illustration Rare,0,0,3.0,30.32,,,30.32,19.62,0.435,OVERVALUED,,
Prismatic Evolutions,6,Leafeon ex,Double Rare,270,1,7.5,4.21,3.81,10.0,4.01,2.59,0.438,OVERVALUED,245.0,1.0
Destined Rivals,81,Team Rocket's Mewtwo ex,Double Rare,280,1,9.5,1.64,,,1.64,1.06,0.438,OVERVALUED,,
Journey Together,146,Brock's Scouting,Uncommon,0,0,3.0,0.53,,,0.53,0.34,0.441,OVERVALUED,,
Black Bolt,75,Minccino,Common,0,0,3.0,0.17,,,0.17,0.11,0.447,OVERVALUED,,
Black Bolt,1,Snivy,Common,0,0,3.0,0.17,,,0.17,0.11,0.447,OVERVALUED,,
Black Bolt,80,Antique Cover Fossil,Common,0,0,3.0,0.17,,,0.17,0.11,0.447,OVERVALUED,,
Journey Together,60,Banette,Uncommon,90,0,3.0,0.55,,,0.55,0.34,0.469,OVERVALUED,,
Destined Rivals,48,Misty's Magikarp,Common,30,0,3.0,0.39,,,0.39,0.24,0.47,OVERVALUED,,
Destined Rivals,117,Team Rocket's Nidoran M,Common,70,0,3.0,0.38,,,0.38,0.23,0.482,OVERVALUED,,
Destined Rivals,102,Cynthia's Gible,Common,70,0,3.0,0.38,,,0.38,0.23,0.482,OVERVALUED,,
Destined Rivals,51,Team Rocket's Articuno,Rare,120,0,3.0,0.55,,,0.55,0.34,0.49,OVERVALUED,,
Journey Together,155,Professor's Research,Common,0,0,3.0,0.53,,,0.53,0.32,0.491,OVERVALUED,,
Black Bolt,131,Landorus,Illustration Rare,0,0,3.0,32.21,,,32.21,19.62,0.496,OVERVALUED,,
Prismatic Evolutions,71,Dreepy,Common,70,0,3.0,0.28,,,0.28,0.17,0.498,OVERVALUED,,
Black Bolt,58,Krokorok,Common,0,0,3.0,0.18,,,0.18,0.11,0.504,OVERVALUED,,
Journey Together,179,Brock's Scouting,Ultra Rare,0,0,3.0,2.13,,,2.13,1.28,0.507,OVERVALUED,,
Prismatic Evolutions,12,Teal Mask Ogerpon ex,Double Rare,210,1,6.0,2.36,3.0,23.9,2.6799999999999997,1.58,0.529,OVERVALUED,245.0,1.0
Prismatic Evolutions,36,Dusclops,Common,90,0,3.0,0.29,,,0.29,0.17,0.535,OVERVALUED,,
Destined Rivals,176,Team Rocket's Petrel,Uncommon,0,0,4.5,0.66,,,0.66,0.38,0.541,OVERVALUED,,
Destined Rivals,71,Ethan's Pichu,Common,30,0,3.0,0.42,,,0.42,0.24,0.544,OVERVALUED,,
Black Bolt,87,Snivy,Illustration Rare,0,0,3.0,33.89,,,33.89,19.62,0.547,OVERVALUED,,
Journey Together,69,Mimikyu ex,Double Rare,190,1,5.5,1.63,,,1.63,0.94,0.549,OVERVALUED,,
Black Bolt,118,Solosis,Illustration Rare,0,0,3.0,34.28,,,34.28,19.62,0.558,OVERVALUED,,
Black Bolt,2,Servine,Common,0,0,3.0,0.19,,,0.19,0.11,0.558,OVERVALUED,,
Black Bolt,68,Axew,Common,0,0,3.0,0.19,,,0.19,0.11,0.558,OVERVALUED,,
Black Bolt,6,Petilil,Common,0,0,3.0,0.19,,,0.19,0.11,0.558,OVERVALUED,,
Black Bolt,83,N's Plan,Uncommon,0,0,3.0,0.25,,,0.25,0.14,0.567,OVERVALUED,,
Destined Rivals,103,Cynthia's Gabite,Common,100,0,3.0,0.41,,,0.41,0.23,0.588,OVERVALUED,,
Destined Rivals,189,Rapidash,Illustration Rare,110,0,3.0,9.86,,,9.86,5.47,0.589,OVERVALUED,,
Destined Rivals,213,Team Rocket's Mewtwo ex,Ultra Rare,280,1,9.5,20.91,,,20.91,11.32,0.614,OVERVALUED,,
Prismatic Evolutions,37,Dusknoir,Rare,160,0,3.0,0.32,,,0.32,0.17,0.617,OVERVALUED,,
Journey Together,161,Articuno,Illustration Rare,110,0,5.0,22.21,,,22.21,11.97,0.618,OVERVALUED,,
Destined Rivals,182,Team Rocket's Energy,Uncommon,0,0,3.0,0.57,,,0.57,0.31,0.619,OVERVALUED,,
Prismatic Evolutions,11,Hydrapple ex,Double Rare,330,1,4.0,0.71,1.87,89.9,1.29,0.68,0.636,OVERVALUED,245.0,1.0
Destined Rivals,207,Arboliva ex,Ultra Rare,310,1,3.0,2.28,,,2.28,1.19,0.649,OVERVALUED,,
Destined Rivals,194,Misty's Lapras,Illustration Rare,110,0,5.0,39.33,,,39.33,20.48,0.653,OVERVALUED,,
Journey Together,67,Lillie's Ribombee,Rare,70,0,4.5,1.43,,,1.43,0.72,0.682,OVERVALUED,,
Prismatic Evolutions,144,Leafeon ex,Special Illustration Rare,270,1,7.5,340.17,300.0,12.5,320.08500000000004,161.7,0.683,OVERVALUED,7200.0,10.0
Black Bolt,106,Tirtouga,Illustration Rare,0,0,3.0,40.08,,,40.08,19.62,0.714,OVERVALUED,,
Black Bolt,73,Unfezant,Uncommon,0,0,3.0,0.29,,,0.29,0.14,0.715,OVERVALUED,,
Journey Together,159,Spiky Energy,Uncommon,0,0,3.0,0.7,,,0.7,0.34,0.719,OVERVALUED,,
Journey Together,169,Noibat,Illustration Rare,60,0,3.5,7.23,,,7.23,3.48,0.732,OVERVALUED,,
Prismatic Evolutions,82,Lugia ex,Double Rare,220,1,7.0,1.59,7.82,132.4,4.705,2.26,0.735,OVERVALUED,245.0,1.0
Black Bolt,127,Conkeldurr,Illustration Rare,0,0,3.0,41.47,,,41.47,19.62,0.748,OVERVALUED,,
Black Bolt,84,Pokegear 3.0,Uncommon,0,0,3.0,0.3,,,0.3,0.14,0.749,OVERVALUED,,
Destined Rivals,226,Team Rocket's Petrel,Ultra Rare,0,0,4.5,9.78,,,9.78,4.44,0.79,OVERVALUED,,
Black Bolt,30,Tynamo,Common,0,0,3.0,0.24,,,0.24,0.11,0.792,OVERVALUED,,
Destined Rivals,185,Shaymin,Illustration Rare,80,0,3.0,12.41,,,12.41,5.58,0.799,OVERVALUED,,
Prismatic Evolutions,161,Umbreon ex,Special Illustration Rare,280,1,10.0,1496.27,1500.0,0.2,1498.135,635.51,0.858,OVERVALUED,7200.0,10.0
Black Bolt,96,Amoonguss,Illustration Rare,0,0,3.0,47.57,,,47.57,19.62,0.886,OVERVALUED,,
Prismatic Evolutions,80,Dudunsparce,Rare,140,0,3.0,0.49,,,0.49,0.19,0.957,OVERVALUED,,
Destined Rivals,184,Cynthia's Roserade,Illustration Rare,130,0,3.0,14.26,,,14.26,5.4,0.971,OVERVALUED,,
Journey Together,24,Blaziken ex,Double Rare,320,1,3.0,1.59,,,1.59,0.57,1.028,OVERVALUED,,
Destined Rivals,10,Shaymin,Uncommon,80,0,3.0,0.9,,,0.9,0.31,1.051,OVERVALUED,,
Prismatic Evolutions,75,Eevee ex,Double Rare,200,1,8.0,7.05,12.44,55.3,9.745,3.31,1.08,OVERVALUED,245.0,1.0
Prismatic Evolutions,76,Snorlax ex,Double Rare,260,1,5.5,1.61,5.97,115.0,3.79,1.26,1.103,OVERVALUED,245.0,1.0
Black Bolt,137,Krookodile,Illustration Rare,0,0,3.0,60.28,,,60.28,19.62,1.122,OVERVALUED,,
Black Bolt,92,Lilligant,Illustration Rare,0,0,3.0,60.67,,,60.67,19.62,1.129,OVERVALUED,,
Black Bolt,100,Volcarona,Illustration Rare,0,0,3.0,61.05,,,61.05,19.62,1.135,OVERVALUED,,
Prismatic Evolutions,162,Roaring Moon ex,Special Illustration Rare,230,1,6.0,178.66,167.02,6.7,172.84,54.16,1.161,OVERVALUED,7200.0,10.0
Black Bolt,129,Dwebble,Illustration Rare,0,0,3.0,65.2,,,65.2,19.62,1.201,OVERVALUED,,
Black Bolt,39,Reuniclus,Uncommon,0,0,3.0,0.49,,,0.49,0.14,1.24,OVERVALUED,,
Black Bolt,59,Krookodile,Uncommon,0,0,3.0,0.49,,,0.49,0.14,1.24,OVERVALUED,,
Prismatic Evolutions,168,Bloodmoon Ursaluna ex,Special Illustration Rare,260,1,3.0,67.2,62.8,6.8,65.0,14.68,1.488,OVERVALUED,7200.0,10.0
Journey Together,120,Dunsparce,Common,70,0,4.0,2.54,,,2.54,0.36,1.948,OVERVALUED,,
Black Bolt,105,Seismitoad,Illustration Rare,0,0,3.0,255.53,,,255.53,19.62,2.567,OVERVALUED,,
